dt,event_time,type,context,id,update_compartments,update_sums,print,total
0.0180367, 10, 10, 11, 12, 112, 1029, 1032, 1033
0.0196894, 1, 2, 3, 4, 160, 965, 967, 968
0.00571125, 2, 2, 3, 4, 108, 941, 943, 944
0.00240561, 1, 2, 3, 3, 107, 884, 885, 886
0.00308167, 1, 2, 2, 3, 790, 2685, 2700, 2701
0.00481581, 10, 12, 14, 18, 922, 2423, 2438, 2439
0.00263595, 9, 10, 12, 16, 970, 3124, 3135, 3136
0.00651161, 8, 8, 9, 11, 778, 3028, 3044, 3045
0.00975995, 8, 12, 13, 16, 401, 1345, 1348, 1349
0.00708673, 2, 3, 3, 5, 131, 1098, 1100, 1101
0.00897133, 2, 3, 4, 4, 140, 1092, 1094, 1094
0.00629269, 2, 2, 3, 4, 133, 1054, 1056, 1057
0.000962268, 2, 2, 3, 4, 118, 1090, 1092, 1093
0.00484735, 2, 2, 3, 4, 123, 1109, 1111, 1112
0.00110026, 2, 3, 3, 4, 485, 1512, 1514, 1514
0.00489019, 1, 2, 2, 3, 119, 1114, 1119, 1120
0.00244531, 3, 4, 6, 7, 327, 1751, 1773, 1774
0.00774761, 4, 5, 6, 8, 345, 1573, 1575, 1575
0.000787279, 1, 20, 21, 22, 409, 1285, 1287, 1287
0.00282791, 1, 1, 2, 3, 126, 1004, 1006, 1006
0.0107652, 1, 1, 2, 3, 108, 982, 984, 985
0.000735148, 2, 3, 4, 5, 150, 979, 981, 981
0.00254792, 1, 2, 2, 18, 120, 912, 913, 914
0.0162162, 1, 2, 2, 3, 95, 946, 947, 948
0.00015468, 1, 1, 2, 3, 332, 1184, 1185, 1185
9.31515e-05, 0, 1, 2, 2, 125, 949, 951, 951
7.11965e-05, 0, 1, 2, 3, 133, 1208, 1215, 1216
0.000115718, 11, 12, 13, 16, 1977, 3285, 3290, 3290
0.000916774, 6, 6, 7, 9, 818, 2955, 2962, 2964
0.00119702, 8, 10, 11, 14, 1207, 3557, 3569, 3570
0.00244184, 10, 12, 12, 16, 900, 1844, 1846, 1847
0.000455337, 3, 3, 4, 5, 146, 1204, 1207, 1208
0.00136285, 4, 4, 5, 7, 175, 1116, 1119, 1120
0.000257318, 2, 3, 4, 5, 128, 1070, 1072, 1073
0.00114826, 2, 3, 3, 4, 120, 1042, 1044, 1044
0.000624251, 2, 3, 4, 5, 158, 1166, 1168, 1169
0.0004452, 2, 3, 4, 5, 164, 1138, 1139, 1140
0.00188254, 1, 2, 3, 4, 111, 1001, 1004, 1004
0.00271146, 3, 4, 5, 6, 276, 1590, 1595, 1596
0.00129454, 3, 4, 5, 7, 327, 1590, 1592, 1593
0.000507404, 2, 2, 3, 4, 156, 990, 991, 992
0.000998692, 2, 18, 18, 19, 638, 1476, 1477, 1478
0.00102728, 1, 2, 2, 3, 122, 922, 923, 924
0.00148625, 1, 2, 2, 3, 123, 900, 901, 901
0.000530458, 1, 2, 2, 3, 129, 945, 946, 947
9.76309e-05, 1, 1, 17, 18, 1252, 2126, 2127, 2128
0.00094977, 0, 1, 2, 2, 126, 976, 977, 978
0.00217099, 1, 2, 2, 3, 125, 921, 922, 923
0.0019232, 1, 2, 3, 4, 97, 1125, 1131, 1132
0.000385839, 7, 8, 9, 12, 1988, 3426, 3432, 3434
0.000813496, 6, 7, 8, 9, 510, 2589, 2599, 2600
0.00186955, 6, 7, 8, 13, 1156, 3195, 3203, 3204
0.00207963, 7, 8, 9, 12, 1530, 2532, 2535, 2536
0.00271598, 3, 4, 5, 6, 155, 1234, 1237, 1237
0.00467691, 2, 3, 4, 5, 152, 1120, 1122, 1124
0.00301502, 1, 2, 2, 3, 122, 1076, 1078, 1079
0.000649193, 2, 2, 3, 4, 131, 1052, 1054, 1054
0.000739024, 1, 2, 3, 4, 541, 1501, 1503, 1503
0.00273126, 2, 3, 4, 5, 127, 989, 991, 991
0.00011917, 2, 2, 3, 4, 683, 2050, 2070, 2071
0.00112887, 5, 6, 7, 8, 315, 1589, 1592, 1593
0.000460367, 4, 4, 5, 6, 276, 1164, 1166, 1167
0.000283619, 2, 3, 3, 4, 133, 996, 997, 998
0.00379616, 1, 1, 2, 3, 113, 970, 971, 972
0.000462143, 1, 2, 3, 3, 100, 954, 956, 957
0.00326376, 1, 2, 2, 20, 125, 959, 960, 961
0.000816042, 1, 1, 2, 3, 125, 911, 912, 913
0.00196797, 1, 2, 2, 3, 126, 938, 940, 940
0.000158998, 0, 1, 2, 2, 102, 920, 921, 922
0.00188617, 1, 2, 2, 3, 115, 964, 965, 966
0.000240182, 1, 2, 2, 3, 129, 990, 991, 992
0.00173759, 16, 17, 17, 18, 167, 1812, 1824, 1825
0.00152522, 7, 8, 10, 13, 1235, 2700, 2704, 2705
0.000135798, 4, 5, 6, 7, 711, 2806, 2816, 2817
0.000694251, 9, 10, 11, 14, 911, 2988, 2998, 2999
0.000536298, 9, 11, 13, 17, 847, 1918, 1922, 1923
0.000148334, 4, 5, 5, 7, 1205, 2211, 2214, 2214
0.00104581, 2, 3, 3, 4, 604, 1544, 1546, 1547
0.00107145, 2, 2, 3, 4, 122, 1052, 1053, 1054
0.000284525, 2, 3, 3, 4, 140, 1156, 1158, 1159
0.000257706, 2, 2, 3, 4, 169, 1037, 1039, 1039
0.000432707, 1, 1, 2, 3, 432, 1645, 1648, 1649
0.000650927, 5, 6, 7, 8, 2264, 3209, 3210, 3211
0.000170429, 2, 2, 3, 4, 148, 950, 951, 952
0.00193325, 1, 1, 2, 3, 104, 888, 890, 890
0.000403155, 1, 1, 2, 3, 117, 904, 905, 906
0.000791914, 1, 2, 2, 3, 776, 1624, 1625, 1625
0.000106694, 1, 2, 3, 3, 127, 912, 913, 914
0.00194831, 2, 2, 3, 3, 121, 943, 944, 944
9.14369e-05, 1, 2, 2, 3, 132, 967, 969, 969
0.000108733, 1, 2, 2, 3, 127, 1016, 1018, 1019
0.000593453, 1, 2, 3, 4, 178, 1995, 2004, 2005
0.000819318, 6, 7, 10, 12, 1010, 2401, 2403, 2404
0.000267406, 2, 2, 3, 4, 3620, 5704, 5714, 5715
0.00189066, 9, 10, 12, 16, 781, 1970, 1973, 1973
0.0016176, 4, 5, 5, 7, 227, 1172, 1175, 1175
0.000392285, 1, 2, 2, 3, 112, 1081, 1082, 1083
0.00191447, 2, 2, 3, 4, 145, 1064, 1066, 1067
0.000861051, 2, 2, 3, 4, 128, 1040, 1042, 1042
0.00116681, 2, 2, 3, 4, 126, 1056, 1058, 1058
0.00170597, 1, 2, 2, 3, 121, 1085, 1087, 1087
4.17152e-06, 18, 19, 19, 20, 944, 2032, 2036, 2036
0.000111726, 4, 5, 6, 8, 337, 1663, 1681, 1682
0.000530981, 4, 5, 6, 8, 703, 1831, 1834, 1834
0.000452791, 1, 2, 3, 4, 236, 1069, 1071, 1072
7.75162e-05, 1, 2, 2, 3, 122, 938, 939, 939
0.000214011, 1, 1, 2, 3, 111, 935, 936, 937
0.000956151, 1, 2, 2, 3, 130, 910, 911, 912
0.000153054, 1, 2, 3, 3, 98, 879, 881, 881
0.000391215, 1, 2, 2, 3, 113, 890, 892, 892
0.000930654, 1, 1, 2, 3, 101, 869, 871, 871
0.000345458, 1, 2, 2, 3, 710, 1480, 1481, 1481
0.000198809, 1, 1, 2, 3, 97, 884, 886, 887
0.000135682, 1, 2, 2, 3, 107, 1085, 1094, 1094
0.000423331, 9, 10, 11, 15, 1819, 3202, 3207, 3208
0.000886013, 2, 2, 3, 4, 2636, 4844, 4853, 4856
0.00160802, 8, 8, 10, 12, 863, 2777, 2781, 2782
0.000626993, 3, 4, 5, 6, 289, 1213, 1215, 1216
0.000260495, 2, 3, 4, 5, 127, 1100, 1102, 1102
0.00168789, 1, 2, 2, 3, 142, 1082, 1084, 1084
0.000387195, 1, 2, 3, 4, 119, 1021, 1023, 1023
0.000529982, 2, 2, 3, 4, 121, 1027, 1029, 1031
0.00110314, 2, 2, 3, 4, 118, 1065, 1066, 1067
0.000544264, 1, 2, 2, 4, 150, 1021, 1022, 1023
0.00122268, 1, 2, 3, 3, 102, 1057, 1060, 1061
0.0016687, 2, 3, 4, 5, 310, 1576, 1598, 1599
0.00023731, 4, 5, 6, 8, 322, 1645, 1647, 1648
0.000244225, 3, 4, 4, 6, 262, 1165, 1168, 1168
0.000404993, 1, 2, 3, 4, 125, 907, 908, 909
0.000699654, 1, 2, 3, 3, 101, 871, 873, 873
9.55627e-05, 0, 1, 2, 2, 97, 866, 867, 868
0.000481051, 1, 2, 2, 3, 97, 871, 873, 873
0.000205224, 1, 2, 3, 3, 115, 962, 963, 964
0.00137651, 1, 2, 3, 3, 97, 864, 865, 866
0.000197428, 0, 1, 2, 2, 96, 858, 859, 859
9.35419e-05, 0, 1, 2, 2, 115, 895, 896, 897
0.00173034, 1, 1, 2, 3, 112, 907, 911, 912
0.000317439, 2, 2, 3, 5, 1157, 2744, 2749, 2750
0.000177928, 5, 5, 7, 8, 483, 1901, 1910, 1911
0.00157664, 7, 10, 14, 20, 955, 3115, 3125, 3126
0.000659594, 8, 9, 10, 13, 939, 2987, 2995, 2996
5.65386e-06, 9, 10, 11, 13, 430, 1377, 1379, 1380
0.000414169, 2, 2, 3, 4, 128, 1046, 1048, 1049
0.000202021, 2, 2, 3, 4, 123, 995, 996, 997
0.000164511, 3, 3, 4, 5, 128, 1070, 1072, 1073
0.00156813, 1, 2, 2, 3, 122, 1019, 1020, 1021
0.000302157, 2, 2, 3, 3, 116, 1008, 1009, 1010
0.000135933, 1, 2, 3, 4, 1181, 1994, 1996, 1997
0.000456547, 2, 2, 3, 4, 208, 1533, 1538, 1539
7.64789e-05, 4, 6, 7, 8, 312, 1719, 1723, 1724
0.000786717, 3, 4, 5, 7, 308, 1288, 1290, 1291
0.000129265, 1, 2, 2, 3, 128, 910, 911, 912
0.000834904, 1, 2, 2, 3, 102, 880, 882, 883
0.000282122, 1, 2, 3, 3, 111, 953, 954, 955
7.15541e-05, 1, 2, 2, 3, 105, 900, 901, 902
0.000275913, 1, 2, 2, 3, 132, 898, 900, 900
0.00366747, 1, 1, 2, 2, 104, 876, 877, 878
0.000152884, 1, 2, 3, 3, 101, 874, 876, 876
0.000204713, 1, 2, 3, 3, 97, 890, 891, 892
0.00114955, 1, 2, 2, 3, 101, 872, 873, 874
0.000812578, 1, 2, 2, 3, 98, 885, 887, 888
0.000663014, 1, 2, 2, 3, 2416, 3821, 3826, 3826
0.000334389, 6, 7, 8, 10, 1869, 3924, 3938, 3939
0.000116044, 12, 13, 14, 18, 834, 2860, 2866, 2867
0.000227169, 4, 5, 8, 10, 809, 1784, 1787, 1788
7.75413e-06, 3, 4, 4, 5, 175, 1121, 1123, 1123
0.000196651, 1, 2, 3, 3, 132, 1093, 1095, 1096
0.000188563, 2, 2, 3, 4, 157, 1085, 1087, 1088
0.000110161, 2, 3, 3, 4, 1157, 2089, 2091, 2091
0.000894549, 1, 2, 2, 3, 143, 1086, 1088, 1089
0.000769957, 2, 2, 3, 4, 349, 1164, 1166, 1168
0.000414806, 2, 3, 4, 4, 515, 1428, 1430, 1431
0.000576052, 2, 3, 4, 4, 215, 1137, 1139, 1140
0.000624888, 2, 3, 3, 4, 236, 1152, 1154, 1155
5.81669e-05, 3, 4, 5, 6, 191, 1034, 1035, 1036
0.00146677, 1, 1, 2, 21, 136, 964, 966, 966
0.000530081, 1, 1, 2, 3, 137, 991, 992, 992
0.000256889, 1, 2, 2, 3, 94, 900, 901, 901
9.68966e-06, 1, 1, 2, 3, 96, 860, 861, 862
0.000203559, 1, 2, 2, 3, 128, 908, 909, 909
4.80101e-05, 0, 1, 2, 2, 134, 995, 996, 998
0.000300897, 1, 2, 3, 3, 97, 860, 862, 862
0.00101634, 1, 2, 3, 3, 1007, 1732, 1734, 1734
0.000347059, 1, 2, 3, 3, 108, 1062, 1070, 1071
0.000430173, 5, 6, 7, 11, 1247, 2704, 2710, 2711
5.61017e-05, 6, 6, 7, 9, 575, 2263, 2271, 2273
0.000906364, 9, 11, 12, 15, 792, 2988, 2993, 2994
5.6753e-05, 7, 8, 9, 13, 891, 2799, 2802, 2803
0.000336495, 3, 3, 5, 6, 287, 1226, 1228, 1229
3.30176e-05, 2, 2, 3, 4, 119, 1054, 1056, 1057
0.000145171, 1, 2, 2, 3, 131, 1081, 1083, 1084
0.000228822, 2, 2, 3, 4, 131, 1034, 1036, 1036
2.66798e-05, 2, 3, 3, 4, 130, 1051, 1053, 1054
0.000393664, 2, 3, 3, 4, 131, 1053, 1055, 1055
3.84856e-05, 1, 2, 3, 3, 130, 1005, 1006, 1007
0.000241504, 1, 2, 3, 3, 105, 923, 952, 953
0.000136372, 2, 3, 3, 4, 210, 1159, 1163, 1163
0.000332585, 4, 4, 5, 6, 240, 1149, 1152, 1152
0.000292255, 2, 3, 3, 5, 1030, 1878, 1880, 1881
4.15933e-05, 2, 2, 3, 4, 133, 920, 921, 922
0.000546253, 1, 2, 3, 3, 101, 874, 876, 876
0.000412063, 1, 1, 2, 3, 98, 870, 872, 872
0.000605384, 1, 2, 3, 3, 110, 921, 922, 923
0.000580493, 1, 1, 2, 2, 131, 986, 987, 987
0.00119131, 0, 1, 2, 2, 126, 982, 983, 984
3.50383e-05, 1, 2, 2, 3, 108, 899, 900, 901
0.00165108, 1, 1, 2, 3, 107, 918, 919, 920
0.00107123, 1, 1, 2, 3, 102, 877, 878, 879
0.000521562, 1, 2, 2, 3, 101, 953, 958, 959
0.000130124, 4, 6, 8, 11, 1510, 2961, 2983, 2984
0.000355151, 5, 7, 7, 9, 897, 2693, 2705, 2706
0.000275816, 3, 4, 5, 8, 877, 2927, 2933, 2934
0.000895134, 8, 9, 10, 13, 2320, 3295, 3298, 3298
0.0004135, 3, 4, 4, 5, 202, 1149, 1151, 1152
0.000246233, 2, 3, 3, 4, 151, 1105, 1107, 1107
0.00049536, 1, 1, 2, 3, 129, 1048, 1049, 1050
0.000333967, 2, 2, 3, 4, 1079, 2061, 2063, 2064
5.46148e-05, 3, 3, 4, 6, 1213, 2031, 2033, 2034
5.19092e-05, 2, 2, 4, 5, 166, 1427, 1431, 1432
0.000759308, 5, 5, 7, 8, 328, 1665, 1669, 1670
0.000241719, 4, 5, 6, 7, 331, 1355, 1357, 1357
0.000255094, 17, 17, 18, 19, 867, 1789, 1790, 1790
0.000286047, 1, 2, 2, 3, 142, 995, 996, 997
0.000292702, 1, 2, 2, 3, 137, 982, 983, 984
0.000456194, 1, 1, 2, 3, 137, 1033, 1034, 1034
0.000415769, 1, 2, 3, 3, 123, 929, 945, 946
0.000134566, 1, 2, 3, 3, 120, 973, 974, 974
0.00015494, 17, 17, 18, 19, 132, 996, 1012, 1013
0.00046402, 1, 1, 2, 3, 117, 1080, 1088, 1089
5.50434e-05, 8, 9, 10, 14, 1685, 2938, 2946, 2948
0.000167855, 5, 7, 8, 10, 2281, 7177, 7195, 7196
7.22194e-05, 29, 30, 34, 36, 928, 2716, 2737, 2737
0.000186795, 3, 4, 4, 6, 316, 2118, 2121, 2122
6.12802e-05, 3, 4, 5, 6, 279, 2109, 2130, 2131
5.11178e-05, 5, 6, 7, 8, 322, 1426, 1428, 1429
6.22831e-06, 1, 2, 3, 4, 159, 1163, 1165, 1166
0.000176689, 3, 4, 4, 5, 317, 1321, 1323, 1324
5.87104e-05, 4, 4, 5, 7, 258, 1176, 1179, 1180
0.000687559, 3, 4, 5, 6, 253, 1146, 1149, 1149
0.00146463, 1, 2, 3, 4, 154, 994, 996, 996
0.000429163, 1, 1, 2, 3, 1173, 1914, 1916, 1916
4.48389e-05, 1, 1, 2, 3, 95, 811, 812, 812
0.000646099, 0, 1, 2, 2, 826, 1559, 1560, 1561
0.000384859, 2, 2, 3, 4, 98, 822, 823, 824
0.000189561, 1, 1, 2, 3, 93, 807, 808, 809
0.000607027, 1, 2, 2, 3, 92, 805, 806, 806
4.88494e-05, 1, 2, 2, 3, 91, 805, 806, 807
7.9192e-05, 1, 2, 2, 3, 703, 1702, 1710, 1711
0.000222358, 8, 9, 10, 12, 1533, 2930, 2936, 2938
0.000226078, 6, 8, 9, 11, 692, 2539, 2549, 2551
9.57584e-05, 8, 10, 10, 12, 3887, 5586, 5589, 5589
0.000455432, 3, 3, 5, 6, 280, 1232, 1234, 1234
0.000223673, 2, 2, 3, 4, 150, 1084, 1086, 1087
0.000312978, 2, 3, 4, 4, 146, 1019, 1021, 1022
0.000279646, 2, 2, 3, 3, 109, 997, 999, 1000
0.000297429, 1, 2, 3, 4, 124, 1017, 1020, 1020
0.000209363, 1, 2, 3, 4, 718, 1617, 1619, 1620
0.00051503, 1, 2, 2, 3, 109, 999, 1001, 1002
0.000110966, 2, 3, 4, 6, 293, 1624, 1630, 1631
0.000212903, 4, 4, 5, 7, 326, 1614, 1616, 1617
0.000499518, 3, 4, 4, 5, 287, 1135, 1136, 1137
9.78009e-06, 1, 2, 3, 3, 123, 907, 909, 910
0.000106046, 1, 2, 2, 3, 99, 902, 903, 904
0.000237329, 1, 1, 17, 18, 113, 910, 911, 912
0.000468227, 1, 2, 2, 3, 114, 962, 963, 964
0.000160888, 1, 1, 2, 3, 133, 955, 957, 958
3.36455e-06, 2, 2, 3, 3, 144, 946, 947, 948
0.000450492, 1, 2, 2, 3, 97, 879, 880, 880
3.91069e-05, 1, 2, 2, 3, 116, 889, 891, 891
0.000113948, 0, 1, 2, 2, 114, 964, 966, 966
0.000117014, 1, 2, 3, 4, 103, 1214, 1222, 1223
0.00014863, 8, 10, 11, 16, 1757, 3116, 3120, 3121
0.000109757, 7, 8, 9, 11, 480, 2454, 2464, 2466
0.00011104, 8, 9, 10, 12, 905, 2866, 2874, 2875
4.14411e-05, 7, 9, 10, 13, 2675, 3616, 3618, 3619
8.81186e-05, 3, 3, 4, 5, 155, 1109, 1111, 1112
7.89751e-05, 2, 2, 3, 4, 152, 1070, 1071, 1072
0.000374743, 2, 3, 4, 4, 122, 1010, 1012, 1012
0.000210159, 2, 2, 3, 4, 460, 1368, 1369, 1369
7.18112e-05, 2, 2, 3, 4, 135, 1083, 1085, 1086
0.000371599, 3, 3, 4, 5, 133, 919, 920, 921
0.000102379, 1, 2, 3, 3, 354, 1679, 1681, 1701
0.000657083, 2, 3, 4, 5, 225, 1034, 1036, 1036
0.000231378, 1, 2, 3, 3, 117, 913, 915, 915
0.000114681, 0, 1, 2, 2, 1171, 2016, 2017, 2018
0.00013833, 2, 2, 3, 4, 1078, 1913, 1929, 1930
5.984e-05, 1, 2, 3, 3, 99, 882, 883, 884
0.000494446, 1, 2, 2, 3, 114, 933, 935, 935
0.000405314, 0, 1, 2, 2, 108, 884, 886, 887
0.000598113, 1, 1, 2, 2, 110, 943, 944, 945
4.89821e-05, 1, 2, 2, 3, 100, 1411, 1420, 1421
0.000306205, 3, 4, 6, 8, 1192, 2427, 2434, 2435
0.000230017, 4, 5, 6, 9, 2295, 4405, 4415, 4416
0.000130195, 6, 7, 8, 12, 894, 2941, 2952, 2954
5.86766e-05, 8, 9, 10, 13, 362, 1316, 1318, 1318
0.000235288, 2, 2, 3, 4, 150, 1090, 1092, 1092
3.51491e-05, 2, 3, 3, 4, 141, 1073, 1075, 1076
3.72624e-05, 1, 1, 2, 3, 112, 970, 972, 974
0.000369982, 2, 2, 3, 3, 118, 1018, 1020, 1021
6.66851e-05, 2, 3, 3, 4, 119, 1038, 1040, 1041
0.000133128, 1, 1, 2, 3, 143, 1039, 1041, 1042
0.000282205, 1, 1, 2, 3, 103, 882, 884, 885
8.51802e-05, 1, 2, 2, 3, 180, 1081, 1083, 1084
7.48822e-05, 2, 3, 4, 5, 250, 1166, 1170, 1171
0.00024798, 3, 3, 4, 5, 251, 1166, 1169, 1170
0.000185944, 3, 4, 5, 6, 201, 1119, 1121, 1122
0.000578188, 2, 2, 3, 4, 133, 978, 980, 980
0.000216005, 1, 1, 2, 2, 119, 912, 913, 914
0.000218206, 1, 1, 2, 3, 112, 884, 886, 887
6.95669e-05, 1, 1, 2, 3, 110, 916, 918, 918
0.000125473, 1, 1, 2, 2, 124, 935, 936, 938
0.000120404, 1, 1, 21, 21, 1178, 2048, 2049, 2050
4.31448e-05, 1, 2, 2, 3, 112, 969, 970, 971
0.00019149, 1, 2, 2, 3, 97, 1082, 1091, 1091
0.000391476, 7, 8, 9, 12, 1565, 2729, 2735, 2737
0.00028031, 3, 3, 4, 5, 492, 2179, 2190, 2192
1.37947e-05, 7, 8, 9, 13, 867, 3089, 3094, 3095
2.20125e-05, 6, 6, 7, 10, 869, 2825, 2828, 2828
0.000149166, 3, 3, 4, 5, 273, 1211, 1212, 1213
0.000310721, 2, 2, 3, 4, 415, 1344, 1346, 1347
0.000151755, 2, 2, 3, 4, 860, 1796, 1799, 1800
7.34266e-05, 2, 2, 3, 5, 128, 1030, 1031, 1032
2.44698e-06, 1, 1, 2, 3, 119, 1060, 1062, 1063
9.98864e-05, 1, 2, 2, 3, 154, 1034, 1036, 1036
0.000300574, 1, 1, 2, 3, 109, 1029, 1032, 1033
0.000508821, 3, 4, 5, 6, 243, 1441, 1446, 1447
0.000236858, 4, 5, 6, 7, 332, 1710, 1727, 1729
0.000134624, 4, 5, 6, 7, 607, 1489, 1490, 1491
0.000135565, 2, 2, 21, 23, 153, 1048, 1049, 1050
3.28076e-05, 1, 2, 3, 3, 112, 900, 902, 902
3.5015e-05, 1, 1, 2, 3, 95, 839, 840, 841
0.000346786, 1, 1, 2, 3, 95, 875, 877, 877
1.7614e-05, 1, 2, 3, 4, 193, 1043, 1059, 1060
0.000805411, 1, 2, 2, 3, 97, 908, 909, 910
0.000403642, 1, 2, 3, 3, 95, 838, 840, 840
8.19914e-05, 1, 2, 2, 3, 95, 839, 840, 840
0.000349795, 1, 2, 3, 3, 572, 1363, 1364, 1365
4.16893e-05, 1, 2, 2, 3, 184, 1659, 1667, 1668
4.44171e-05, 9, 11, 12, 14, 1851, 3304, 3312, 3313
0.000190432, 14, 16, 16, 18, 1125, 3183, 3191, 3192
2.3619e-05, 10, 12, 13, 15, 870, 2872, 2881, 2882
2.26108e-05, 9, 10, 11, 14, 1357, 2318, 2321, 2321
4.65361e-05, 3, 3, 4, 5, 147, 1081, 1083, 1084
0.000216366, 2, 2, 3, 4, 145, 1047, 1049, 1049
4.11138e-05, 2, 3, 3, 4, 111, 1000, 1002, 1004
0.000243295, 2, 3, 3, 4, 118, 1021, 1023, 1024
2.70426e-05, 2, 2, 3, 4, 145, 1076, 1078, 1079
0.00070749, 2, 3, 4, 5, 156, 945, 946, 947
0.000305242, 1, 2, 3, 3, 102, 1012, 1015, 1016
0.000231946, 3, 3, 4, 5, 278, 1156, 1160, 1161
7.11176e-05, 2, 3, 4, 6, 241, 1144, 1147, 1148
1.80262e-05, 2, 3, 4, 5, 258, 1126, 1128, 1128
1.16583e-06, 3, 3, 4, 5, 185, 983, 986, 986
0.000322598, 1, 2, 3, 4, 114, 962, 963, 964
0.000170332, 1, 2, 3, 3, 121, 989, 991, 991
8.55012e-05, 1, 2, 2, 3, 136, 968, 985, 985
0.00021744, 1, 2, 2, 3, 115, 936, 938, 939
0.000100799, 1, 2, 3, 3, 98, 859, 861, 862
0.000126755, 1, 2, 3, 4, 109, 868, 870, 871
0.000335661, 1, 2, 3, 3, 99, 863, 865, 865
4.65584e-05, 1, 2, 2, 3, 1007, 2240, 2248, 2249
0.000135727, 66, 69, 71, 73, 1745, 2907, 2911, 2914
1.99151e-05, 5, 7, 8, 9, 670, 2714, 2728, 2731
2.6505e-05, 11, 13, 14, 16, 864, 3017, 3027, 3029
0.00020216, 11, 12, 13, 20, 1888, 2847, 2850, 2851
0.00046525, 3, 3, 4, 5, 182, 1099, 1101, 1102
9.60749e-05, 2, 2, 3, 4, 131, 1041, 1043, 1043
0.000328603, 2, 2, 3, 4, 893, 1881, 1883, 1883
0.000408291, 2, 2, 3, 4, 176, 1077, 1080, 1080
5.59861e-05, 3, 4, 4, 5, 146, 1062, 1064, 1065
7.02543e-06, 2, 2, 3, 3, 111, 908, 910, 911
0.000269152, 3, 3, 4, 5, 191, 1150, 1152, 1153
0.000128357, 3, 4, 4, 6, 269, 1169, 1173, 1174
0.000447127, 4, 4, 5, 6, 256, 1152, 1154, 1155
0.000525304, 2, 3, 4, 5, 234, 1058, 1059, 1060
0.00142198, 1, 2, 2, 3, 132, 940, 957, 957
0.000197075, 1, 2, 2, 3, 113, 956, 957, 958
6.51506e-05, 1, 2, 18, 18, 108, 868, 869, 870
3.54451e-05, 1, 2, 2, 3, 107, 931, 948, 948
0.00112515, 1, 1, 2, 3, 97, 859, 860, 861
3.62888e-05, 1, 2, 2, 3, 132, 987, 988, 989
7.06409e-05, 1, 1, 2, 3, 122, 940, 956, 956
0.000395248, 1, 1, 2, 2, 112, 875, 884, 885
0.000444003, 1, 1, 2, 3, 109, 957, 959, 959
1.96751e-05, 2, 3, 3, 4, 99, 1034, 1041, 1042
5.99276e-05, 6, 7, 9, 11, 1412, 2731, 2737, 2738
7.2219e-05, 4, 5, 7, 9, 461, 2133, 2138, 2139
0.000105066, 6, 7, 9, 11, 870, 2977, 2984, 2988
0.000430906, 9, 10, 11, 14, 821, 2815, 2823, 2823
0.000472869, 3, 3, 4, 5, 239, 1167, 1169, 1170
0.000127332, 1, 2, 3, 4, 120, 1058, 1060, 1060
0.000309225, 2, 2, 3, 4, 887, 1777, 1778, 1779
2.49035e-05, 1, 1, 2, 3, 128, 1032, 1033, 1034
0.000177862, 2, 2, 3, 4, 1210, 2148, 2151, 2151
0.000652639, 2, 2, 3, 4, 146, 940, 941, 941
0.000131616, 1, 1, 2, 3, 107, 997, 1000, 1001
0.000102627, 2, 2, 3, 4, 237, 1129, 1132, 1133
8.76318e-05, 3, 3, 4, 5, 240, 1139, 1142, 1143
2.55276e-05, 2, 3, 4, 5, 778, 1581, 1583, 1584
0.000520839, 2, 2, 3, 4, 143, 964, 981, 982
2.56206e-05, 1, 2, 2, 3, 113, 928, 930, 930
0.000402554, 1, 2, 2, 3, 94, 890, 891, 892
4.80058e-05, 1, 2, 3, 3, 121, 909, 910, 911
0.000205867, 1, 2, 3, 3, 98, 878, 879, 880
0.000184303, 2, 2, 3, 3, 762, 1518, 1519, 1520
0.0001123, 1, 2, 2, 3, 93, 819, 820, 821
4.87256e-06, 1, 2, 2, 3, 784, 1511, 1512, 1512
0.000483629, 1, 1, 2, 3, 93, 968, 975, 976
4.74429e-05, 5, 6, 7, 9, 1747, 3120, 3125, 3126
0.000166312, 6, 7, 7, 9, 533, 2106, 2110, 2111
1.24225e-05, 9, 11, 12, 15, 930, 2932, 2940, 2941
4.135e-05, 7, 9, 10, 12, 830, 2794, 2798, 2799
1.54124e-05, 2, 3, 4, 5, 278, 1196, 1198, 1198
0.000124015, 1, 2, 2, 3, 127, 1070, 1072, 1073
0.000116242, 2, 3, 4, 5, 165, 1081, 1082, 1083
0.000254594, 2, 3, 4, 5, 1475, 2402, 2404, 2404
0.000340243, 3, 3, 4, 5, 134, 1083, 1085, 1086
0.000114835, 1, 2, 3, 3, 174, 996, 997, 998
3.7166e-06, 1, 2, 2, 3, 99, 1114, 1118, 1118
3.71687e-05, 3, 4, 5, 6, 366, 1653, 1675, 1675
9.0629e-06, 4, 5, 6, 8, 343, 1647, 1649, 1649
6.10769e-05, 2, 2, 3, 4, 183, 1011, 1013, 1014
7.57071e-05, 17, 18, 18, 19, 144, 1026, 1027, 1028
0.000410412, 1, 2, 3, 3, 133, 925, 927, 927
0.000179052, 1, 2, 2, 3, 888, 1735, 1751, 1752
0.000572443, 1, 1, 2, 3, 882, 1647, 1649, 1650
0.000556096, 1, 2, 3, 3, 98, 821, 822, 823
0.000253116, 1, 2, 2, 3, 92, 809, 810, 811
0.00051549, 1, 1, 2, 3, 97, 849, 854, 855
0.000559557, 3, 5, 5, 8, 1442, 2834, 2841, 2842
0.000268605, 5, 6, 7, 10, 466, 1719, 1730, 1731
0.000126993, 5, 8, 9, 13, 1141, 5742, 5752, 5754
8.15941e-05, 25, 28, 29, 33, 803, 2640, 2643, 2645
0.000260515, 6, 6, 7, 9, 310, 2131, 2135, 2136
0.000128481, 4, 5, 5, 7, 282, 2091, 2093, 2094
0.000187031, 4, 5, 6, 7, 257, 1798, 1800, 1801
7.21236e-05, 2, 3, 3, 4, 168, 1147, 1150, 1150
0.000181927, 3, 4, 5, 6, 245, 1244, 1246, 1247
0.000232344, 3, 4, 5, 6, 262, 1156, 1159, 1160
4.22223e-05, 4, 5, 6, 7, 243, 1137, 1140, 1141
0.000337055, 2, 3, 4, 5, 179, 996, 999, 999
3.59129e-05, 1, 2, 3, 4, 136, 916, 918, 919
0.000159158, 1, 2, 3, 4, 100, 870, 872, 873
6.36916e-05, 2, 2, 3, 3, 97, 855, 857, 857
5.07905e-05, 1, 2, 3, 4, 638, 1402, 1404, 1404
5.43522e-05, 1, 2, 2, 3, 557, 1297, 1298, 1299
6.55091e-05, 1, 2, 2, 3, 102, 832, 833, 834
0.000194112, 1, 2, 2, 3, 103, 818, 819, 819
0.000500237, 1, 1, 2, 2, 101, 828, 829, 829
8.60952e-06, 1, 2, 3, 3, 113, 836, 838, 839
0.000114948, 0, 1, 2, 3, 104, 1498, 1504, 1506
0.000174442, 6, 7, 9, 13, 1103, 2428, 2435, 2436
3.37331e-05, 4, 5, 5, 8, 384, 2262, 2278, 2279
0.000207344, 10, 11, 14, 18, 4884, 6618, 6622, 6624
5.1622e-05, 4, 5, 6, 7, 1107, 2777, 2780, 2781
8.96437e-06, 3, 4, 5, 6, 838, 2586, 2588, 2589
0.000112684, 2, 2, 3, 4, 145, 1004, 1006, 1007
0.0003342, 1, 2, 3, 3, 138, 1084, 1088, 1088
0.000153353, 4, 4, 5, 6, 300, 1265, 1268, 1269
0.000159737, 3, 3, 4, 6, 259, 1140, 1143, 1144
0.00021933, 2, 3, 5, 7, 244, 1091, 1094, 1094
0.000249358, 2, 3, 4, 5, 135, 873, 874, 875
3.05916e-05, 1, 2, 2, 3, 96, 822, 823, 824
9.52055e-05, 1, 2, 2, 3, 948, 1681, 1682, 1682
0.000270806, 1, 1, 2, 3, 96, 810, 811, 812
3.3244e-05, 1, 1, 2, 3, 92, 814, 815, 816
0.000125797, 2, 3, 4, 4, 94, 817, 819, 820
0.000112683, 1, 1, 2, 3, 92, 810, 812, 812
0.000266425, 0, 1, 2, 2, 92, 815, 816, 816
0.000182058, 1, 1, 2, 2, 94, 811, 812, 812
0.000306557, 0, 1, 1, 2, 89, 810, 811, 812
0.000249841, 1, 2, 2, 3, 103, 1437, 1442, 1443
0.00011942, 3, 4, 5, 8, 1297, 2490, 2494, 2495
1.20883e-05, 5, 6, 8, 10, 469, 2221, 2233, 2233
2.90207e-05, 9, 10, 12, 14, 865, 2843, 2856, 2858
7.99224e-05, 7, 8, 9, 13, 772, 2642, 2646, 2646
0.000166693, 2, 3, 4, 6, 274, 1202, 1204, 1204
7.65525e-05, 1, 2, 2, 3, 115, 1034, 1037, 1038
0.000203311, 1, 2, 15, 16, 152, 1037, 1039, 1039
6.11541e-05, 1, 2, 3, 3, 116, 991, 992, 994
1.6934e-05, 1, 2, 2, 3, 112, 987, 988, 989
6.50704e-05, 2, 2, 3, 4, 114, 1069, 1071, 1072
5.08411e-05, 2, 2, 3, 4, 148, 1008, 1009, 1010
0.000788047, 1, 2, 2, 3, 98, 860, 862, 862
6.56681e-05, 1, 2, 2, 3, 175, 1434, 1440, 1440
0.000212601, 4, 4, 5, 7, 300, 1514, 1517, 1518
7.78061e-06, 3, 4, 5, 6, 352, 1214, 1216, 1217
0.000336232, 2, 3, 3, 4, 886, 1632, 1634, 1634
1.02001e-05, 1, 2, 2, 3, 111, 833, 834, 835
0.000116389, 1, 2, 3, 3, 95, 813, 815, 815
5.82811e-05, 1, 2, 2, 3, 93, 807, 808, 809
0.00034018, 1, 2, 2, 3, 92, 813, 815, 815
0.000171769, 1, 2, 2, 3, 95, 825, 826, 827
0.000214608, 1, 2, 3, 3, 100, 827, 828, 829
6.30541e-06, 1, 2, 2, 3, 673, 1390, 1392, 1392
0.00011663, 1, 2, 2, 3, 92, 817, 818, 819
0.000333922, 1, 1, 2, 3, 93, 1119, 1127, 1129
0.000303651, 8, 10, 11, 14, 1622, 2858, 2864, 2865
0.000218227, 6, 7, 9, 11, 489, 2065, 2072, 2073
0.000186786, 6, 6, 8, 10, 786, 2880, 2886, 2887
1.47907e-05, 7, 8, 9, 11, 833, 2788, 2799, 2800
8.43064e-05, 13, 14, 15, 20, 324, 1263, 1265, 1266
1.46134e-05, 2, 3, 4, 5, 135, 1070, 1072, 1073
0.000502927, 3, 3, 4, 5, 142, 1036, 1038, 1039
3.23815e-05, 2, 3, 3, 4, 474, 1340, 1342, 1343
0.00034858, 1, 2, 2, 3, 111, 986, 988, 989
0.000285763, 2, 3, 3, 4, 135, 1020, 1021, 1022
0.000361499, 2, 2, 3, 4, 147, 984, 985, 986
0.000186776, 1, 2, 3, 3, 99, 1031, 1033, 1034
0.000555683, 5, 6, 6, 8, 327, 1542, 1545, 1546
1.19772e-05, 4, 5, 6, 7, 323, 1573, 1576, 1577
1.24746e-05, 3, 3, 4, 5, 216, 1044, 1046, 1047
0.000370919, 2, 2, 3, 4, 125, 872, 873, 874
7.09285e-05, 1, 2, 2, 3, 97, 824, 825, 826
2.861e-06, 1, 2, 2, 3, 639, 1364, 1365, 1366
0.000167374, 0, 1, 2, 2, 95, 826, 827, 828
8.01084e-06, 1, 2, 2, 3, 97, 821, 823, 824
9.70145e-06, 1, 1, 2, 3, 94, 813, 814, 815
0.00028071, 1, 2, 2, 3, 581, 1301, 1302, 1304
0.0001166, 1, 1, 2, 3, 94, 817, 819, 819
7.78422e-06, 1, 1, 2, 2, 119, 1157, 1166, 1168
0.000332656, 8, 10, 11, 14, 1736, 2820, 2823, 2824
4.45055e-05, 4, 5, 5, 7, 1802, 3837, 3849, 3850
0.000272966, 8, 8, 9, 13, 2136, 3952, 3955, 3956
7.62224e-05, 3, 4, 5, 6, 317, 1229, 1232, 1233
0.000150324, 3, 3, 4, 5, 119, 998, 999, 1000
0.000178387, 2, 3, 3, 4, 130, 1026, 1028, 1029
0.000210544, 1, 2, 2, 3, 128, 995, 998, 998
0.000487766, 1, 1, 2, 3, 116, 981, 983, 984
9.39371e-05, 1, 1, 2, 3, 126, 976, 977, 978
1.34536e-05, 2, 2, 3, 4, 921, 1674, 1675, 1676
4.27345e-05, 1, 1, 2, 3, 129, 1379, 1382, 1383
0.000104905, 4, 5, 6, 7, 295, 1549, 1553, 1554
0.000155164, 4, 4, 5, 7, 314, 1272, 1274, 1275
7.43266e-05, 2, 3, 4, 5, 161, 901, 902, 903
8.67348e-05, 1, 1, 2, 3, 98, 823, 824, 824
0.000711656, 1, 1, 2, 2, 94, 809, 810, 811
0.000358073, 1, 1, 2, 3, 715, 1452, 1454, 1454
0.000105422, 1, 1, 2, 3, 98, 818, 819, 820
0.000131979, 1, 1, 2, 2, 92, 806, 807, 808
6.56518e-05, 1, 1, 2, 3, 433, 1156, 1157, 1158
1.50813e-05, 1, 2, 2, 3, 92, 819, 821, 822
0.000166914, 1, 2, 2, 3, 95, 828, 829, 829
0.000601806, 1, 2, 2, 3, 420, 1139, 1140, 1141
0.000152862, 1, 1, 2, 3, 90, 819, 822, 823
0.000170546, 2, 4, 5, 6, 1310, 2816, 2821, 2821
5.63897e-05, 5, 5, 7, 10, 1598, 4758, 4765, 4766
1.70828e-05, 7, 9, 13, 25, 1474, 4543, 4549, 4550
0.000200292, 6, 7, 9, 11, 365, 2080, 2085, 2086
0.000364569, 3, 4, 5, 6, 280, 1872, 1875, 1876
0.000130991, 3, 4, 5, 6, 237, 1939, 1941, 1942
8.73675e-05, 1, 2, 3, 3, 150, 996, 998, 999
0.000340396, 2, 3, 4, 5, 136, 1098, 1101, 1102
0.000109805, 2, 3, 4, 5, 328, 1238, 1241, 1242
0.000131233, 3, 4, 5, 7, 260, 1135, 1138, 1139
0.000555014, 2, 3, 4, 5, 246, 1070, 1072, 1073
0.00029682, 1, 2, 2, 3, 130, 891, 893, 894
6.58367e-05, 1, 2, 3, 4, 997, 1744, 1746, 1747
0.000224623, 1, 2, 3, 4, 99, 835, 837, 838
3.80702e-05, 1, 2, 3, 4, 97, 835, 837, 837
1.95095e-06, 1, 2, 3, 4, 97, 834, 836, 836
1.57581e-05, 1, 2, 2, 3, 102, 840, 842, 842
2.38872e-05, 1, 2, 3, 4, 325, 1047, 1048, 1048
0.00024774, 1, 1, 2, 2, 100, 829, 831, 832
2.44031e-05, 2, 2, 3, 4, 96, 832, 833, 833
4.35894e-05, 0, 1, 1, 2, 100, 1051, 1060, 1062
0.000308843, 8, 10, 11, 15, 1432, 2748, 2758, 2759
5.23221e-06, 5, 6, 6, 9, 635, 2213, 2221, 2222
0.000109415, 7, 11, 13, 17, 828, 2960, 2969, 2970
7.81421e-05, 8, 9, 9, 12, 730, 2974, 3020, 3021
1.11374e-05, 3, 3, 4, 5, 997, 1929, 1932, 1932
4.40185e-05, 1, 2, 3, 4, 137, 1016, 1018, 1018
0.000399726, 1, 2, 2, 3, 115, 976, 977, 978
0.000297752, 2, 2, 3, 4, 104, 981, 983, 984
6.8463e-05, 1, 2, 3, 3, 118, 1008, 1010, 1010
1.62984e-05, 1, 2, 2, 3, 145, 999, 1000, 1001
8.87474e-06, 1, 2, 2, 3, 99, 839, 841, 841
2.24288e-06, 1, 1, 2, 3, 109, 982, 984, 985
5.44799e-05, 3, 3, 4, 5, 256, 1126, 1128, 1129
4.92452e-05, 4, 5, 6, 7, 244, 1123, 1127, 1128
0.000131586, 3, 4, 5, 6, 247, 1098, 1101, 1101
5.83252e-05, 2, 2, 3, 4, 170, 923, 924, 925
3.00174e-05, 1, 2, 2, 3, 604, 1341, 1342, 1342
3.42307e-05, 1, 1, 2, 3, 92, 815, 816, 817
0.000149368, 0, 1, 2, 2, 92, 811, 812, 813
0.000237844, 1, 1, 2, 3, 92, 818, 819, 819
0.000113504, 1, 1, 2, 2, 94, 811, 813, 813
5.01484e-05, 1, 2, 2, 3, 571, 1291, 1292, 1293
0.000148009, 1, 2, 3, 3, 934, 1680, 1682, 1682
2.76985e-05, 1, 1, 2, 3, 97, 818, 820, 820
0.000180081, 1, 2, 2, 3, 1323, 2833, 2842, 2843
8.14292e-05, 3, 4, 5, 7, 462, 1739, 1755, 1755
0.000240508, 12, 13, 16, 20, 911, 5191, 5209, 5212
0.000205925, 11, 13, 14, 19, 1422, 3069, 3072, 3074
4.17817e-05, 4, 5, 6, 8, 326, 2066, 2070, 2070
3.05359e-05, 4, 5, 6, 7, 264, 1854, 1857, 1858
0.000194392, 3, 3, 4, 5, 1214, 2079, 2081, 2081
8.65004e-05, 1, 2, 3, 3, 148, 1043, 1046, 1046
6.75511e-05, 3, 4, 5, 6, 289, 1305, 1308, 1309
0.000120202, 3, 4, 5, 6, 243, 1127, 1131, 1131
5.11429e-05, 3, 4, 5, 6, 253, 1138, 1140, 1141
3.1501e-05, 1, 2, 3, 4, 187, 963, 965, 966
4.74836e-05, 2, 3, 3, 4, 114, 861, 863, 864
0.000241485, 1, 2, 2, 3, 96, 840, 841, 842
5.57597e-05, 1, 2, 3, 3, 104, 842, 844, 845
0.000175975, 1, 2, 3, 4, 99, 841, 843, 844
0.00021901, 2, 3, 3, 4, 924, 1670, 1671, 1672
8.49421e-05, 1, 2, 2, 3, 108, 838, 839, 839
0.000109505, 0, 1, 2, 2, 101, 841, 842, 843
0.00013959, 1, 1, 2, 3, 326, 1054, 1055, 1056
0.000260496, 1, 1, 2, 3, 101, 835, 837, 838
0.000182865, 1, 1, 2, 3, 137, 1822, 1829, 1830
0.000418193, 6, 7, 9, 13, 709, 1942, 1949, 1950
0.000129852, 5, 6, 6, 8, 361, 2081, 2087, 2088
6.47021e-07, 8, 10, 13, 15, 837, 2836, 2839, 2840
0.000127337, 6, 7, 8, 10, 876, 2792, 2796, 2797
7.63973e-05, 3, 4, 4, 6, 700, 1652, 1654, 1655
6.56649e-05, 2, 2, 3, 4, 131, 1031, 1032, 1033
7.23583e-05, 1, 2, 2, 3, 137, 1023, 1025, 1026
3.51589e-05, 2, 2, 3, 4, 109, 963, 965, 965
7.53978e-07, 1, 2, 2, 3, 116, 1008, 1009, 1010
2.20223e-06, 2, 2, 3, 4, 145, 1029, 1032, 1032
7.18394e-05, 2, 2, 3, 4, 137, 910, 912, 912
8.29853e-05, 1, 2, 3, 3, 919, 1838, 1840, 1841
0.000260561, 2, 3, 4, 5, 254, 1148, 1150, 1151
4.94659e-05, 2, 2, 3, 4, 242, 1108, 1110, 1111
8.45463e-05, 1, 2, 2, 3, 152, 946, 948, 948
0.000136671, 1, 1, 2, 3, 118, 862, 864, 864
4.44009e-05, 1, 2, 3, 3, 98, 837, 838, 839
7.74971e-05, 2, 3, 4, 4, 481, 1204, 1205, 1206
2.90376e-05, 1, 1, 2, 3, 92, 811, 813, 813
0.000108497, 1, 2, 2, 3, 92, 813, 814, 815
4.0127e-05, 1, 2, 2, 3, 92, 813, 814, 814
0.000113418, 0, 1, 2, 2, 93, 810, 811, 812
0.000126141, 1, 2, 2, 3, 92, 806, 807, 807
6.00696e-05, 0, 1, 2, 2, 90, 820, 821, 821
7.5023e-05, 1, 1, 2, 2, 950, 2094, 2100, 2101
0.000100444, 4, 6, 8, 10, 1271, 2518, 2523, 2524
1.51718e-05, 3, 3, 4, 6, 370, 1808, 1815, 1815
0.000195275, 5, 7, 8, 9, 782, 2872, 2881, 2881
0.000102492, 6, 8, 9, 11, 775, 2660, 2668, 2670
0.000466399, 8, 9, 10, 14, 700, 1659, 1662, 1662
2.27601e-05, 2, 3, 3, 5, 148, 1062, 1065, 1066
0.000125524, 1, 1, 2, 3, 131, 1029, 1031, 1031
0.000750482, 1, 2, 2, 3, 112, 996, 997, 998
7.6068e-05, 1, 1, 2, 2, 102, 960, 961, 962
6.03552e-05, 1, 2, 3, 4, 116, 1026, 1028, 1028
0.000142269, 2, 2, 3, 4, 129, 991, 993, 994
1.84141e-05, 1, 2, 2, 3, 96, 850, 852, 852
0.000190808, 1, 1, 2, 3, 227, 1079, 1083, 1083
9.00978e-05, 2, 3, 4, 4, 249, 1149, 1152, 1153
5.68315e-05, 1, 2, 2, 3, 207, 1080, 1084, 1084
0.00022472, 2, 3, 3, 5, 218, 1047, 1049, 1050
0.000263642, 2, 2, 3, 3, 134, 872, 874, 875
0.000257063, 1, 1, 2, 2, 97, 816, 817, 818
7.08191e-05, 1, 2, 2, 3, 92, 807, 808, 809
7.74806e-05, 1, 1, 2, 2, 92, 809, 810, 810
0.000144597, 0, 1, 2, 2, 91, 809, 810, 810
0.000396365, 1, 2, 2, 3, 95, 815, 816, 817
5.16289e-05, 1, 1, 2, 2, 91, 808, 809, 809
0.00015214, 1, 1, 2, 2, 91, 804, 805, 806
0.000180209, 1, 1, 2, 3, 92, 809, 810, 810
6.16024e-05, 0, 1, 2, 2, 91, 820, 821, 822
0.000270891, 1, 1, 2, 3, 102, 1415, 1421, 1422
1.23855e-05, 5, 7, 8, 10, 1071, 2249, 2253, 2254
7.58235e-05, 3, 4, 5, 7, 398, 2124, 2128, 2129
7.34399e-05, 14, 16, 17, 22, 1410, 5808, 5814, 5814
0.000242772, 5, 6, 6, 8, 409, 2001, 2004, 2005
1.35703e-06, 6, 7, 9, 11, 272, 1962, 1966, 1966
0.000158873, 3, 4, 5, 6, 262, 1939, 1942, 1943
3.63214e-05, 3, 4, 5, 6, 238, 1253, 1255, 1256
0.000101516, 1, 2, 3, 4, 143, 1048, 1051, 1052
6.49775e-05, 3, 4, 5, 6, 307, 1276, 1279, 1280
0.000253925, 4, 5, 6, 7, 273, 1164, 1167, 1168
0.000164366, 3, 4, 4, 6, 249, 1101, 1103, 1104
7.45003e-05, 1, 2, 3, 4, 174, 926, 928, 928
8.38813e-05, 1, 2, 2, 3, 112, 840, 841, 842
4.65121e-05, 1, 2, 2, 3, 101, 829, 831, 832
3.76021e-05, 2, 3, 3, 4, 98, 838, 839, 839
0.000119401, 1, 2, 3, 3, 105, 848, 850, 850
4.47983e-05, 1, 2, 3, 3, 103, 834, 835, 836
5.31192e-05, 1, 1, 2, 3, 104, 846, 848, 849
3.21766e-05, 1, 2, 3, 4, 96, 839, 841, 841
0.000144836, 1, 2, 3, 3, 97, 828, 829, 830
2.51052e-05, 1, 2, 3, 3, 99, 841, 843, 843
8.4542e-06, 1, 2, 3, 4, 99, 833, 835, 836
5.91721e-06, 1, 2, 2, 3, 96, 830, 832, 833
1.73833e-06, 2, 2, 3, 4, 99, 1213, 1219, 1221
0.000105502, 5, 7, 8, 11, 1954, 3111, 3114, 3115
0.000208982, 4, 4, 5, 7, 334, 2199, 2207, 2209
0.000121562, 8, 9, 11, 15, 771, 2647, 2655, 2656
0.000109167, 12, 13, 15, 18, 884, 2703, 2707, 2708
4.50843e-05, 2, 2, 3, 4, 272, 1190, 1191, 1192
0.000148748, 1, 2, 3, 3, 112, 1001, 1003, 1004
2.20259e-05, 2, 3, 4, 4, 150, 1049, 1052, 1053
9.03233e-05, 2, 2, 4, 5, 119, 968, 970, 971
0.000174745, 2, 2, 3, 4, 112, 978, 980, 981
3.65404e-06, 1, 2, 3, 3, 115, 1061, 1063, 1063
0.000208476, 1, 2, 2, 3, 165, 1021, 1023, 1023
4.50154e-05, 1, 2, 2, 3, 96, 913, 915, 915
7.95889e-05, 2, 2, 3, 4, 258, 1509, 1513, 1514
0.000247764, 3, 3, 4, 6, 294, 1557, 1562, 1562
0.000110919, 4, 4, 5, 6, 272, 1114, 1116, 1117
9.34832e-05, 2, 3, 4, 5, 126, 882, 884, 884
0.000163505, 1, 2, 2, 3, 105, 861, 863, 863
6.30704e-05, 1, 2, 3, 4, 107, 845, 847, 847
0.00046538, 1, 2, 3, 4, 97, 839, 841, 842
0.000617733, 1, 2, 2, 3, 96, 831, 833, 834
5.80851e-05, 0, 1, 2, 3, 96, 828, 830, 830
0.000130411, 1, 1, 2, 3, 104, 839, 840, 841
6.62069e-06, 1, 2, 2, 3, 95, 837, 839, 840
3.90347e-05, 1, 2, 3, 3, 95, 834, 836, 837
1.31899e-06, 1, 1, 2, 3, 94, 834, 836, 836
6.22381e-05, 1, 2, 3, 4, 96, 1067, 1075, 1076
0.000150184, 10, 11, 13, 15, 1563, 2806, 2811, 2812
3.01367e-05, 7, 9, 9, 12, 492, 1707, 1717, 1719
9.65978e-05, 11, 13, 15, 16, 825, 2829, 2837, 2838
9.19917e-05, 6, 8, 11, 13, 809, 2688, 2697, 2699
0.000162831, 9, 11, 11, 14, 779, 1875, 1877, 1878
0.000118249, 4, 4, 5, 6, 221, 1156, 1157, 1159
0.00043547, 2, 2, 3, 3, 132, 1026, 1028, 1029
2.1779e-05, 2, 3, 3, 4, 729, 1634, 1636, 1637
1.20247e-05, 2, 2, 3, 4, 130, 1044, 1045, 1045
1.36886e-05, 1, 2, 2, 3, 139, 1014, 1016, 1016
0.000148631, 1, 2, 2, 3, 123, 894, 896, 897
6.70484e-06, 1, 2, 2, 3, 95, 902, 904, 904
5.89604e-05, 2, 2, 3, 4, 229, 1096, 1098, 1098
3.0487e-05, 3, 3, 4, 5, 201, 1070, 1072, 1073
0.000211304, 2, 3, 4, 5, 226, 1112, 1115, 1115
8.92312e-05, 2, 3, 4, 5, 187, 988, 990, 990
0.000248489, 1, 2, 2, 3, 122, 855, 857, 858
5.37848e-05, 1, 2, 2, 3, 95, 820, 822, 822
0.000169037, 1, 2, 2, 3, 94, 817, 818, 819
7.30763e-06, 1, 2, 2, 3, 94, 824, 826, 827
5.40417e-05, 1, 2, 2, 3, 96, 816, 818, 819
6.81445e-05, 1, 2, 2, 3, 94, 809, 810, 811
2.13765e-06, 1, 2, 2, 3, 93, 814, 815, 816
0.000207662, 1, 1, 2, 3, 93, 818, 819, 820
0.000174798, 1, 2, 2, 3, 95, 830, 832, 832
1.45465e-05, 1, 2, 2, 3, 1543, 3032, 3037, 3038
4.13755e-06, 2, 3, 4, 5, 401, 1479, 1484, 1485
0.00035584, 5, 6, 7, 8, 478, 2289, 2302, 2303
0.000257493, 8, 9, 10, 11, 816, 2760, 2768, 2769
4.23006e-05, 6, 7, 8, 11, 803, 2606, 2609, 2610
3.03735e-05, 3, 4, 5, 6, 290, 1203, 1205, 1206
2.8977e-05, 1, 2, 2, 3, 129, 1023, 1025, 1025
4.0551e-05, 1, 2, 2, 3, 132, 1004, 1005, 1006
0.000473205, 1, 2, 3, 4, 113, 997, 999, 999
1.90023e-05, 1, 1, 2, 3, 126, 1004, 1006, 1006
6.75868e-05, 1, 2, 3, 3, 111, 1011, 1013, 1014
0.000167671, 2, 2, 3, 4, 131, 963, 965, 965
2.76802e-05, 1, 1, 2, 3, 102, 890, 893, 893
5.09522e-05, 3, 3, 4, 5, 293, 1147, 1149, 1149
6.74237e-05, 2, 2, 3, 3, 213, 1100, 1102, 1102
0.000295969, 2, 3, 4, 5, 1213, 2011, 2012, 2013
4.00903e-05, 1, 2, 3, 3, 124, 861, 862, 862
0.000100587, 1, 1, 2, 3, 94, 828, 837, 838
0.00015471, 1, 1, 2, 3, 93, 812, 814, 814
7.00264e-05, 1, 2, 2, 3, 93, 821, 822, 823
8.34977e-05, 1, 1, 2, 2, 94, 814, 815, 816
6.09874e-05, 1, 2, 2, 3, 660, 1382, 1383, 1383
9.96e-06, 1, 1, 2, 2, 94, 821, 822, 823
0.000380669, 1, 2, 2, 3, 92, 823, 824, 825
5.4572e-05, 1, 1, 2, 3, 96, 812, 813, 814
0.000331072, 1, 2, 2, 3, 92, 799, 801, 802
5.21081e-05, 1, 2, 2, 3, 95, 1287, 1295, 1296
0.000110936, 5, 6, 7, 10, 1170, 2231, 2239, 2241
0.000474484, 4, 5, 6, 7, 520, 1815, 1823, 1824
6.14774e-05, 5, 6, 7, 11, 963, 2992, 2997, 2999
0.00014727, 6, 7, 8, 9, 755, 2707, 2715, 2717
0.00019072, 7, 8, 9, 12, 684, 1639, 1640, 1641
5.00476e-05, 2, 3, 4, 5, 163, 1077, 1079, 1079
8.35925e-06, 1, 2, 3, 3, 152, 1029, 1030, 1031
0.000163597, 2, 2, 3, 4, 123, 987, 989, 989
2.35323e-05, 1, 2, 2, 3, 98, 968, 970, 970
9.5896e-05, 1, 2, 2, 3, 116, 1011, 1013, 1014
3.75123e-05, 2, 3, 3, 4, 159, 1040, 1042, 1043
0.000226355, 2, 2, 3, 3, 545, 1362, 1365, 1366
9.33095e-05, 3, 4, 4, 5, 1444, 2359, 2362, 2363
7.30206e-05, 2, 3, 4, 5, 258, 1117, 1119, 1120
6.52004e-05, 2, 2, 3, 4, 171, 953, 955, 955
0.000102683, 1, 2, 3, 3, 111, 836, 837, 837
2.63101e-05, 1, 1, 2, 2, 92, 826, 827, 828
0.000373905, 1, 2, 2, 3, 97, 819, 820, 821
7.76003e-05, 1, 2, 2, 3, 92, 814, 815, 816
7.17156e-05, 1, 1, 2, 2, 92, 812, 813, 813
0.000185812, 0, 1, 2, 2, 90, 814, 815, 816
2.67144e-05, 1, 1, 2, 3, 104, 825, 826, 827
0.000110517, 1, 2, 2, 3, 90, 806, 807, 807
3.45045e-05, 1, 2, 3, 3, 90, 809, 810, 811
0.000219432, 1, 1, 2, 2, 90, 824, 825, 825
0.000129517, 1, 2, 3, 3, 92, 989, 995, 996
8.54006e-05, 6, 6, 7, 10, 1423, 2600, 2607, 2608
7.32125e-05, 5, 7, 7, 11, 355, 1567, 1576, 1577
0.000172716, 9, 9, 11, 15, 867, 5724, 5745, 5747
7.20041e-05, 9, 11, 14, 18, 1142, 2746, 2750, 2750
7.13936e-05, 4, 5, 6, 7, 339, 1999, 2003, 2004
2.97694e-05, 3, 5, 6, 7, 201, 1874, 1877, 1878
9.98583e-05, 3, 4, 5, 6, 279, 1534, 1536, 1536
0.000146514, 1, 2, 2, 3, 147, 997, 1000, 1000
7.68047e-05, 2, 3, 4, 5, 246, 1251, 1254, 1254
0.000311953, 3, 3, 4, 6, 257, 1141, 1145, 1145
0.000117141, 3, 4, 5, 6, 217, 1105, 1108, 1108
9.20209e-05, 3, 4, 5, 6, 189, 987, 989, 990
1.84078e-05, 1, 2, 2, 3, 125, 871, 872, 873
3.29136e-05, 1, 2, 3, 3, 555, 1289, 1290, 1290
0.000139578, 1, 1, 2, 2, 102, 828, 830, 830
9.67495e-05, 1, 2, 3, 3, 102, 832, 833, 834
0.000418214, 1, 2, 3, 3, 491, 1235, 1237, 1238
0.000120875, 1, 2, 2, 4, 98, 836, 837, 838
8.25342e-05, 2, 2, 3, 4, 97, 833, 835, 836
5.56284e-07, 2, 3, 3, 4, 97, 833, 835, 836
0.000103104, 1, 2, 2, 3, 99, 848, 850, 851
2.86874e-05, 1, 1, 2, 3, 556, 2115, 2123, 2124
0.00010387, 5, 7, 9, 11, 702, 1813, 1819, 1822
0.000169759, 4, 4, 5, 7, 512, 1896, 1901, 1902
6.98578e-05, 6, 8, 9, 10, 751, 2746, 2752, 2753
8.33075e-06, 5, 6, 7, 9, 710, 2462, 2467, 2469
0.000250186, 8, 11, 12, 18, 1555, 2489, 2491, 2492
0.000569495, 3, 4, 4, 6, 143, 1011, 1014, 1014
1.19335e-05, 2, 2, 3, 4, 136, 1019, 1020, 1021
0.000160777, 1, 1, 2, 2, 122, 981, 983, 984
4.75909e-05, 2, 2, 3, 4, 113, 971, 973, 973
1.57318e-05, 1, 2, 3, 3, 115, 1000, 1003, 1003
9.82283e-05, 1, 2, 2, 3, 137, 956, 958, 958
1.44707e-05, 0, 1, 2, 2, 101, 921, 923, 924
7.15078e-05, 2, 2, 3, 3, 226, 1082, 1086, 1086
1.32114e-05, 2, 3, 3, 4, 211, 1108, 1112, 1112
0.000132508, 2, 3, 3, 5, 220, 1085, 1087, 1088
3.03073e-06, 2, 3, 3, 4, 171, 979, 981, 981
0.000148952, 1, 2, 3, 3, 591, 1325, 1327, 1328
0.00012633, 1, 2, 3, 3, 104, 833, 835, 835
3.29505e-05, 1, 1, 2, 2, 94, 827, 828, 828
0.000151608, 0, 1, 2, 2, 97, 821, 823, 823
6.53332e-05, 0, 1, 2, 2, 91, 801, 802, 802
6.69995e-05, 1, 2, 2, 3, 92, 821, 823, 823
9.37149e-05, 1, 2, 3, 3, 96, 812, 813, 814
4.45938e-05, 1, 2, 3, 3, 104, 823, 824, 824
4.24442e-05, 1, 2, 2, 3, 93, 815, 816, 817
2.25139e-05, 1, 2, 2, 3, 95, 818, 819, 820
0.000443738, 1, 1, 2, 3, 131, 1354, 1362, 1363
0.000159214, 6, 6, 7, 9, 1448, 2571, 2576, 2577
0.00015202, 4, 5, 6, 7, 334, 1490, 1497, 1498
0.000145551, 7, 8, 9, 13, 743, 2715, 2727, 2731
1.45931e-05, 10, 12, 14, 19, 766, 2702, 2709, 2710
0.000269626, 6, 7, 8, 10, 691, 1937, 1940, 1940
0.000115391, 3, 4, 5, 6, 786, 1703, 1705, 1706
3.21154e-05, 2, 2, 3, 4, 141, 1032, 1034, 1035
1.83043e-05, 2, 3, 3, 4, 539, 1388, 1390, 1391
9.55917e-05, 2, 2, 3, 4, 123, 1066, 1068, 1068
0.000262406, 1, 2, 3, 3, 527, 1416, 1418, 1418
0.000178211, 1, 2, 3, 3, 1024, 1895, 1897, 1898
5.02087e-05, 2, 3, 4, 5, 289, 1158, 1161, 1162
1.62672e-05, 3, 3, 4, 5, 233, 1103, 1106, 1107
0.000147048, 2, 3, 4, 4, 186, 1010, 1012, 1012
0.000117452, 1, 1, 2, 3, 126, 880, 882, 883
4.62303e-05, 1, 2, 2, 3, 589, 1319, 1321, 1321
5.73013e-05, 1, 1, 2, 2, 506, 1223, 1224, 1225
2.24817e-05, 1, 2, 3, 3, 708, 1444, 1445, 1445
2.80297e-05, 1, 1, 2, 2, 96, 816, 818, 819
2.7846e-05, 1, 2, 2, 3, 92, 817, 818, 819
8.65156e-05, 1, 2, 2, 3, 95, 816, 817, 818
7.98513e-05, 1, 2, 2, 3, 92, 851, 853, 854
8.46585e-06, 2, 2, 3, 4, 193, 1791, 1797, 1798
9.17384e-06, 6, 8, 9, 13, 691, 1720, 1724, 1724
3.60115e-06, 5, 6, 6, 8, 496, 1838, 1847, 1848
0.00027026, 5, 6, 7, 10, 647, 2578, 2581, 2582
1.34127e-05, 2, 3, 4, 5, 876, 2709, 2718, 2719
0.000148017, 6, 7, 8, 11, 665, 1788, 1790, 1791
5.19227e-05, 3, 4, 5, 6, 209, 1124, 1126, 1127
0.000459782, 3, 4, 4, 5, 162, 1038, 1040, 1040
0.000204517, 1, 2, 2, 3, 753, 1623, 1624, 1625
3.47302e-05, 1, 2, 2, 3, 146, 1007, 1008, 1009
0.000178992, 1, 2, 3, 3, 110, 1017, 1020, 1020
4.61607e-05, 1, 1, 2, 3, 138, 924, 925, 925
1.6361e-05, 1, 1, 2, 2, 1196, 2474, 2477, 2478
9.18306e-05, 4, 5, 6, 7, 328, 1478, 1480, 1480
0.000107936, 3, 4, 4, 5, 206, 1005, 1007, 1008
1.88288e-05, 2, 3, 3, 4, 131, 872, 874, 874
8.14537e-05, 1, 1, 2, 2, 889, 1606, 1608, 1608
2.86084e-05, 1, 2, 3, 3, 92, 812, 814, 815
0.000252671, 1, 2, 2, 3, 103, 826, 827, 827
0.000100367, 0, 1, 2, 2, 96, 813, 814, 815
9.93769e-05, 1, 2, 2, 3, 95, 814, 815, 816
4.27093e-05, 1, 1, 2, 3, 410, 1131, 1132, 1133
8.40323e-06, 1, 2, 3, 3, 92, 814, 815, 816
6.9544e-05, 1, 2, 2, 3, 92, 818, 819, 820
0.000119153, 1, 2, 2, 3, 972, 2558, 2562, 2563
0.000193661, 4, 6, 7, 9, 425, 1427, 1432, 1433
0.000321576, 6, 7, 7, 8, 476, 1670, 1674, 1676
0.000153924, 9, 11, 12, 17, 803, 2791, 2793, 2794
9.33894e-05, 3, 4, 4, 6, 3525, 4577, 4579, 4580
2.31414e-05, 3, 3, 4, 5, 202, 1135, 1138, 1138
3.31612e-05, 2, 3, 3, 4, 142, 1064, 1067, 1067
1.75877e-05, 1, 1, 2, 3, 880, 1789, 1792, 1793
2.44493e-05, 2, 3, 3, 5, 119, 1048, 1050, 1050
4.41725e-06, 2, 2, 3, 4, 146, 1025, 1026, 1027
0.000204595, 1, 2, 2, 3, 124, 873, 875, 876
0.000250637, 1, 2, 3, 3, 150, 1315, 1319, 1320
2.32116e-05, 3, 4, 5, 6, 312, 1564, 1567, 1568
0.000182398, 6, 6, 8, 9, 387, 1340, 1343, 1344
3.33957e-05, 2, 2, 3, 4, 184, 934, 935, 936
1.92501e-05, 1, 2, 3, 3, 97, 833, 834, 835
0.000126798, 2, 2, 3, 4, 93, 820, 821, 821
1.44341e-05, 1, 1, 2, 2, 93, 825, 826, 827
5.0179e-05, 1, 1, 2, 3, 95, 818, 819, 820
6.10758e-05, 1, 2, 2, 3, 92, 814, 816, 816
0.000116348, 1, 2, 2, 3, 91, 804, 805, 806
2.28653e-06, 1, 1, 2, 3, 91, 811, 813, 814
1.79596e-05, 1, 2, 2, 3, 104, 831, 832, 833
7.66671e-05, 1, 2, 2, 3, 92, 811, 813, 813
4.13163e-05, 1, 2, 2, 3, 91, 819, 821, 821
0.000111228, 1, 1, 2, 3, 130, 1401, 1408, 1409
3.58784e-05, 5, 6, 7, 9, 1106, 2169, 2178, 2179
1.11577e-05, 7, 8, 9, 11, 442, 1444, 1453, 1454
0.000157606, 7, 7, 9, 12, 768, 2592, 2598, 2599
6.59951e-05, 6, 7, 9, 10, 692, 2515, 2521, 2522
0.00015259, 8, 10, 11, 13, 674, 2321, 2324, 2325
1.06196e-05, 4, 5, 6, 8, 298, 1246, 1248, 1249
1.11656e-05, 1, 2, 2, 4, 159, 1050, 1051, 1052
9.95353e-05, 1, 2, 2, 3, 685, 1562, 1564, 1565
0.000130051, 1, 2, 2, 3, 1509, 2460, 2462, 2462
0.000130427, 2, 2, 3, 4, 153, 928, 930, 931
0.000240825, 2, 2, 3, 4, 126, 1203, 1208, 1209
2.24286e-05, 5, 5, 6, 8, 343, 1610, 1614, 1615
7.32948e-05, 3, 4, 5, 7, 330, 1368, 1371, 1371
3.65954e-07, 3, 4, 5, 6, 184, 954, 956, 956
0.000171489, 2, 3, 3, 4, 111, 850, 851, 852
8.55706e-05, 1, 2, 3, 3, 97, 812, 813, 814
2.6991e-05, 1, 2, 2, 3, 93, 819, 820, 821
7.76178e-05, 1, 1, 2, 2, 97, 823, 824, 825
3.64518e-06, 1, 1, 2, 3, 92, 806, 807, 807
8.59191e-05, 1, 1, 2, 2, 847, 1563, 1564, 1565
2.62312e-05, 1, 1, 2, 3, 91, 814, 815, 815
0.000131338, 1, 2, 2, 3, 92, 808, 809, 809
5.75005e-06, 1, 1, 2, 2, 92, 807, 816, 816
1.69213e-05, 1, 2, 2, 3, 93, 1019, 1023, 1024
0.000210992, 9, 10, 11, 13, 1028, 2329, 2335, 2335
2.26089e-05, 5, 6, 7, 9, 354, 1348, 1350, 1350
5.64882e-06, 2, 3, 3, 4, 287, 1758, 1762, 1763
0.000492453, 7, 8, 9, 12, 1296, 5835, 5840, 5841
6.07011e-05, 5, 6, 7, 9, 426, 2045, 2048, 2049
8.73287e-05, 4, 5, 5, 7, 276, 1891, 1895, 1896
1.79829e-05, 4, 5, 6, 7, 245, 2027, 2030, 2031
8.44307e-05, 3, 4, 4, 5, 288, 1213, 1215, 1215
9.99167e-05, 1, 2, 2, 3, 727, 1710, 1712, 1713
2.73029e-05, 3, 4, 4, 6, 308, 1186, 1189, 1190
0.000199878, 3, 4, 5, 6, 1090, 1940, 1942, 1943
5.77496e-05, 2, 3, 3, 5, 573, 1326, 1328, 1328
6.10907e-05, 2, 3, 3, 4, 98, 831, 832, 833
6.37246e-05, 1, 2, 2, 3, 105, 841, 843, 843
7.31132e-06, 1, 2, 3, 4, 96, 843, 845, 846
7.00812e-05, 1, 2, 2, 3, 99, 834, 836, 837
4.19278e-06, 1, 2, 2, 3, 96, 841, 842, 843
1.55958e-05, 1, 2, 3, 4, 102, 834, 836, 837
0.000246784, 1, 2, 2, 3, 96, 830, 831, 832
5.46852e-05, 1, 2, 3, 3, 97, 837, 839, 839
0.000111156, 1, 1, 2, 3, 97, 832, 834, 834
0.00010386, 2, 2, 3, 4, 100, 1182, 1186, 1187
2.51473e-06, 5, 5, 7, 8, 1010, 2171, 2176, 2176
0.000136706, 5, 8, 8, 10, 364, 1281, 1286, 1287
0.000168141, 3, 4, 5, 5, 308, 1921, 1932, 1935
1.61607e-05, 8, 12, 15, 18, 724, 2498, 2505, 2506
4.54851e-05, 6, 8, 11, 13, 654, 2533, 2539, 2540
8.31583e-06, 8, 9, 10, 13, 634, 1553, 1555, 1556
6.18719e-05, 3, 3, 4, 5, 117, 980, 981, 982
0.000129858, 1, 2, 2, 4, 126, 1028, 1029, 1030
0.000217992, 1, 2, 2, 3, 114, 991, 993, 994
7.98089e-06, 1, 2, 2, 3, 362, 1257, 1259, 1260
6.11118e-06, 1, 2, 2, 3, 125, 974, 976, 976
5.34484e-05, 2, 3, 3, 4, 162, 1030, 1031, 1032
2.83418e-06, 1, 1, 2, 3, 111, 858, 861, 862
0.000126533, 2, 2, 3, 4, 164, 1009, 1012, 1013
5.18686e-05, 2, 2, 3, 5, 238, 1120, 1123, 1124
0.000213012, 4, 5, 6, 7, 247, 1108, 1112, 1112
0.000172801, 2, 3, 3, 5, 903, 1641, 1643, 1644
7.15743e-05, 1, 2, 3, 3, 109, 836, 837, 837
0.000122881, 1, 1, 2, 3, 98, 829, 830, 831
0.000172193, 1, 2, 2, 3, 464, 1177, 1179, 1179
6.27267e-06, 1, 2, 2, 3, 91, 809, 810, 810
3.82123e-05, 1, 1, 2, 2, 91, 816, 818, 818
0.000204729, 1, 1, 2, 3, 90, 826, 828, 828
1.18955e-06, 1, 1, 2, 3, 847, 1582, 1583, 1584
5.10173e-05, 1, 2, 2, 3, 95, 919, 924, 926
2.62061e-05, 1, 2, 3, 5, 1149, 2342, 2347, 2347
7.05337e-05, 4, 5, 6, 7, 279, 1302, 1305, 1306
0.000106318, 3, 4, 4, 5, 225, 1426, 1432, 1434
1.10323e-05, 6, 8, 10, 12, 727, 2612, 2621, 2624
2.82207e-05, 6, 7, 10, 14, 767, 2603, 2613, 2615
3.06074e-05, 6, 7, 8, 11, 666, 2054, 2057, 2057
3.85242e-05, 3, 3, 4, 5, 253, 1174, 1176, 1177
0.000160123, 2, 3, 3, 5, 158, 1056, 1058, 1059
0.00011384, 1, 2, 2, 3, 124, 999, 1000, 1001
0.000276196, 1, 2, 2, 3, 111, 978, 980, 980
9.69988e-05, 1, 1, 2, 3, 119, 1060, 1063, 1063
3.97578e-05, 2, 3, 3, 4, 138, 1004, 1006, 1006
0.000133714, 1, 2, 3, 3, 103, 864, 866, 867
0.000178299, 1, 1, 2, 3, 158, 991, 994, 995
6.06483e-05, 3, 3, 4, 5, 218, 1104, 1106, 1107
8.20249e-05, 2, 3, 3, 4, 237, 1112, 1115, 1115
3.35688e-05, 2, 3, 3, 4, 236, 1054, 1055, 1055
0.000277956, 1, 2, 2, 3, 129, 874, 876, 877
4.47756e-05, 1, 2, 3, 3, 95, 830, 831, 832
5.50005e-05, 1, 2, 2, 3, 96, 812, 813, 814
2.85597e-05, 1, 1, 2, 3, 93, 812, 813, 813
1.17535e-05, 1, 1, 2, 2, 90, 807, 808, 809
3.89972e-05, 1, 2, 3, 3, 1181, 1913, 1914, 1915
3.28326e-05, 1, 2, 3, 3, 95, 818, 820, 821
5.22918e-06, 1, 2, 2, 3, 94, 816, 817, 818
3.89543e-05, 1, 2, 2, 3, 94, 816, 817, 818
3.06338e-05, 1, 1, 2, 3, 95, 865, 868, 869
0.000149216, 2, 2, 3, 4, 1132, 2392, 2398, 2399
2.79683e-05, 3, 4, 5, 7, 267, 1346, 1349, 1350
1.74333e-05, 3, 4, 4, 6, 257, 1372, 1379, 1380
1.25575e-05, 7, 7, 8, 12, 598, 2420, 2427, 2430
6.05206e-05, 8, 9, 10, 13, 772, 2587, 2592, 2592
0.000185434, 8, 8, 10, 12, 681, 2256, 2259, 2259
0.000241079, 3, 3, 4, 5, 265, 1171, 1173, 1174
3.87548e-05, 2, 3, 3, 5, 146, 1032, 1034, 1034
7.93917e-05, 1, 2, 3, 3, 124, 1006, 1009, 1009
5.87098e-05, 1, 2, 2, 3, 116, 978, 980, 980
2.82863e-05, 1, 1, 2, 3, 125, 1010, 1012, 1013
4.46037e-05, 2, 3, 3, 4, 404, 1267, 1269, 1269
9.75516e-05, 1, 2, 2, 3, 97, 881, 884, 885
4.13074e-06, 2, 3, 3, 4, 200, 1063, 1066, 1068
3.75464e-05, 2, 3, 3, 4, 259, 1130, 1134, 1134
5.71915e-05, 2, 3, 3, 4, 238, 1118, 1121, 1122
3.75308e-05, 3, 3, 4, 5, 1066, 1818, 1820, 1820
0.000162107, 1, 1, 2, 3, 105, 826, 827, 827
9.48841e-05, 1, 2, 2, 3, 91, 806, 808, 808
7.76112e-05, 2, 2, 3, 3, 91, 814, 816, 816
5.11089e-05, 0, 1, 2, 2, 94, 807, 808, 808
8.18064e-05, 1, 1, 2, 2, 883, 1605, 1606, 1606
7.76489e-05, 1, 1, 2, 2, 91, 810, 812, 812
1.54769e-06, 1, 2, 2, 3, 95, 820, 821, 821
0.000203903, 1, 1, 2, 3, 95, 818, 819, 820
6.40039e-05, 1, 2, 2, 3, 99, 1319, 1324, 1325
7.95117e-05, 4, 5, 6, 7, 734, 1845, 1850, 1851
0.000247969, 4, 5, 6, 7, 294, 1296, 1300, 1300
0.000166748, 3, 4, 4, 5, 289, 2048, 2060, 2060
1.11607e-05, 8, 9, 10, 14, 756, 2576, 2589, 2590
1.47924e-05, 9, 11, 11, 15, 861, 2671, 2680, 2681
0.000168397, 6, 7, 8, 13, 1016, 1944, 1947, 1948
2.71243e-05, 2, 2, 3, 4, 134, 1026, 1028, 1028
7.99047e-05, 1, 2, 2, 3, 152, 1029, 1030, 1031
0.000289782, 2, 3, 3, 4, 1180, 2127, 2129, 2130
9.90185e-05, 2, 2, 3, 4, 159, 1050, 1051, 1052
4.1908e-05, 1, 1, 2, 3, 105, 847, 849, 850
9.18816e-05, 1, 2, 2, 3, 101, 909, 911, 911
0.000119359, 2, 3, 3, 4, 210, 1089, 1092, 1092
1.5059e-05, 2, 3, 3, 4, 234, 1125, 1128, 1129
4.24402e-05, 1, 2, 3, 4, 246, 1085, 1087, 1088
5.21147e-05, 1, 2, 3, 4, 188, 942, 944, 945
9.28431e-05, 1, 1, 2, 3, 105, 837, 838, 839
0.000110833, 1, 2, 2, 3, 95, 818, 819, 820
0.000257436, 1, 2, 2, 3, 581, 1300, 1301, 1302
7.15916e-05, 1, 2, 2, 3, 94, 823, 824, 825
4.75988e-06, 1, 1, 2, 3, 104, 832, 833, 833
8.46121e-06, 1, 2, 3, 3, 104, 837, 838, 839
4.50361e-05, 1, 2, 2, 3, 576, 1291, 1292, 1293
2.58995e-05, 1, 1, 2, 3, 868, 1597, 1598, 1599
6.68501e-05, 1, 2, 3, 3, 132, 1313, 1320, 1321
4.39988e-05, 6, 7, 8, 10, 880, 2035, 2039, 2040
3.27156e-05, 2, 3, 3, 4, 1136, 2516, 2522, 2522
7.43353e-06, 5, 6, 8, 10, 682, 2533, 2543, 2543
3.87864e-07, 3, 4, 4, 6, 779, 2546, 2558, 2559
0.000101775, 7, 8, 10, 12, 647, 1909, 1912, 1913
5.89622e-07, 2, 3, 4, 5, 298, 1214, 1216, 1216
0.000276493, 2, 2, 3, 4, 137, 1035, 1037, 1038
1.03869e-05, 2, 2, 3, 4, 112, 962, 963, 964
0.000177369, 1, 2, 2, 3, 108, 1008, 1011, 1012
4.74303e-05, 2, 3, 3, 5, 153, 1023, 1025, 1025
4.62856e-05, 2, 2, 3, 4, 134, 1001, 1002, 1003
0.000101223, 1, 2, 2, 3, 119, 878, 880, 880
9.25978e-06, 2, 3, 3, 4, 178, 1043, 1045, 1047
3.00629e-05, 3, 3, 4, 5, 231, 1138, 1142, 1142
3.93027e-06, 3, 3, 4, 5, 229, 1091, 1095, 1095
2.05702e-05, 2, 2, 3, 3, 194, 984, 986, 987
0.000287554, 2, 2, 3, 4, 124, 874, 876, 877
6.95102e-05, 1, 1, 2, 2, 101, 815, 816, 817
0.000218674, 1, 1, 2, 3, 93, 808, 809, 810
9.59012e-05, 1, 2, 2, 3, 91, 808, 809, 809
1.66941e-05, 1, 1, 2, 2, 90, 815, 817, 817
3.24661e-05, 1, 1, 2, 3, 100, 832, 833, 834
0.000293252, 1, 2, 2, 3, 97, 817, 818, 819
2.54695e-05, 1, 1, 2, 2, 91, 807, 808, 809
0.000193738, 1, 1, 2, 3, 91, 815, 816, 817
1.55933e-05, 1, 1, 2, 3, 93, 828, 830, 831
2.61948e-05, 2, 3, 4, 5, 736, 2152, 2158, 2160
2.75947e-06, 6, 7, 8, 11, 372, 1350, 1355, 1356
6.64965e-05, 4, 5, 7, 8, 1061, 3802, 3815, 3816
5.92203e-06, 17, 22, 26, 30, 1438, 4918, 4922, 4923
1.1613e-05, 4, 6, 7, 9, 353, 2094, 2097, 2099
1.10692e-05, 4, 5, 6, 7, 255, 1864, 1867, 1868
2.35602e-05, 3, 4, 5, 6, 251, 1910, 1912, 1912
0.000311337, 2, 2, 3, 4, 146, 984, 985, 986
7.3133e-06, 1, 2, 3, 3, 144, 1133, 1137, 1138
1.93364e-05, 3, 3, 4, 5, 312, 1318, 1322, 1322
0.000125929, 3, 5, 5, 7, 246, 1121, 1124, 1125
7.33564e-05, 3, 4, 5, 7, 250, 1080, 1082, 1082
0.000156551, 1, 2, 3, 4, 773, 1534, 1535, 1536
0.000112255, 1, 2, 2, 3, 98, 842, 844, 844
1.52995e-05, 1, 2, 2, 3, 104, 829, 831, 831
8.89553e-05, 1, 2, 3, 3, 99, 835, 837, 838
3.60098e-05, 1, 2, 2, 3, 100, 834, 835, 835
0.000107245, 0, 1, 2, 2, 101, 846, 848, 848
3.14396e-05, 1, 2, 3, 4, 96, 836, 838, 838
8.50862e-06, 1, 2, 3, 4, 773, 1525, 1527, 1528
5.94333e-05, 1, 2, 3, 4, 104, 847, 848, 849
9.25264e-05, 1, 2, 2, 3, 104, 1218, 1224, 1225
7.4723e-05, 6, 8, 10, 12, 689, 1838, 1843, 1843
0.000136298, 4, 5, 5, 8, 271, 1302, 1307, 1308
1.28527e-05, 3, 5, 5, 6, 2243, 4103, 4113, 4115
1.95166e-05, 7, 9, 9, 15, 775, 2649, 2654, 2655
2.50639e-05, 10, 12, 13, 15, 949, 2010, 2047, 2048
2.12858e-05, 3, 3, 4, 5, 181, 1070, 1072, 1073
5.07621e-06, 2, 3, 3, 4, 150, 1066, 1068, 1068
3.24196e-05, 2, 2, 3, 4, 662, 1534, 1536, 1536
1.76852e-05, 1, 2, 3, 3, 117, 1032, 1034, 1034
1.2148e-05, 2, 2, 3, 4, 140, 1037, 1039, 1039
2.95089e-05, 1, 2, 2, 3, 132, 923, 924, 925
1.83316e-05, 1, 1, 2, 3, 104, 886, 889, 890
6.06174e-05, 2, 3, 3, 4, 219, 1100, 1103, 1104
0.000125675, 3, 4, 4, 5, 727, 1614, 1618, 1619
6.12687e-05, 2, 4, 5, 6, 1039, 1785, 1787, 1787
4.47531e-06, 1, 2, 3, 3, 105, 836, 837, 838
0.000233938, 2, 2, 3, 4, 97, 830, 832, 832
4.91782e-05, 1, 2, 3, 3, 96, 817, 818, 819
6.35222e-05, 1, 1, 2, 2, 92, 814, 815, 816
2.35408e-05, 1, 1, 2, 3, 94, 810, 812, 812
3.8676e-06, 1, 2, 2, 3, 92, 814, 816, 817
3.52958e-05, 1, 1, 2, 3, 778, 1506, 1507, 1508
0.00013029, 1, 1, 2, 2, 574, 1377, 1381, 1382
7.66403e-05, 3, 5, 5, 6, 1003, 2216, 2222, 2223
0.000127198, 3, 4, 4, 5, 286, 1281, 1288, 1289
0.000278798, 4, 4, 5, 6, 296, 1490, 1496, 1496
9.02412e-05, 7, 9, 10, 14, 4875, 7549, 7554, 7555
0.000153696, 5, 6, 7, 9, 1167, 2819, 2823, 2823
0.000100498, 4, 4, 5, 7, 266, 1997, 1999, 2000
6.08674e-05, 4, 5, 7, 8, 257, 1184, 1186, 1186
0.000151952, 2, 3, 3, 4, 136, 1036, 1039, 1039
5.80246e-05, 3, 4, 5, 6, 311, 1250, 1253, 1254
0.000135003, 2, 3, 4, 7, 243, 1133, 1136, 1137
0.000158034, 2, 3, 4, 5, 255, 1118, 1119, 1120
1.26711e-05, 2, 2, 3, 4, 172, 929, 931, 931
2.28826e-05, 1, 1, 2, 3, 107, 836, 838, 838
8.99611e-05, 1, 2, 3, 3, 96, 829, 830, 831
1.91062e-05, 1, 1, 2, 3, 95, 809, 810, 810
0.000431185, 1, 2, 2, 3, 90, 802, 804, 804
2.43325e-05, 2, 2, 3, 3, 91, 808, 809, 809
4.85522e-05, 0, 1, 2, 2, 90, 802, 804, 804
2.23255e-05, 1, 2, 2, 3, 102, 822, 824, 824
0.000217576, 1, 2, 2, 3, 96, 815, 816, 817
0.000116695, 1, 1, 2, 3, 91, 813, 814, 814
8.35137e-06, 1, 2, 2, 3, 92, 811, 812, 812
4.57962e-05, 0, 1, 2, 2, 93, 997, 1004, 1004
2.25211e-05, 4, 6, 9, 10, 1113, 2224, 2229, 2230
9.32761e-05, 5, 5, 6, 7, 261, 1214, 1218, 1219
3.92146e-05, 4, 5, 5, 6, 225, 1551, 1561, 1563
0.000141636, 5, 7, 8, 10, 709, 2609, 2614, 2614
0.000246069, 6, 6, 10, 12, 555, 2305, 2316, 2318
0.000180564, 6, 8, 9, 11, 629, 1977, 1980, 1981
5.72957e-05, 3, 4, 5, 6, 254, 1154, 1156, 1156
3.4874e-05, 2, 2, 3, 4, 133, 1026, 1027, 1028
0.000119665, 2, 3, 3, 4, 121, 1021, 1022, 1023
3.02239e-05, 2, 3, 3, 4, 128, 1101, 1104, 1105
3.9533e-05, 3, 4, 4, 6, 214, 1150, 1152, 1153
0.00010586, 2, 3, 4, 4, 158, 1028, 1030, 1030
2.97045e-06, 1, 2, 2, 3, 102, 832, 833, 834
2.66053e-05, 2, 2, 3, 4, 132, 941, 943, 944
9.7806e-05, 2, 2, 3, 4, 232, 1114, 1117, 1118
8.42019e-06, 2, 3, 4, 6, 916, 1827, 1830, 1831
0.000106717, 3, 4, 4, 5, 184, 968, 970, 971
0.000109909, 1, 2, 3, 3, 116, 865, 867, 868
4.08987e-05, 1, 2, 2, 3, 101, 826, 828, 828
0.000114236, 1, 1, 2, 2, 92, 857, 859, 860
7.09486e-05, 2, 2, 3, 4, 657, 1398, 1400, 1400
1.19559e-05, 1, 2, 2, 3, 1075, 1806, 1807, 1807
6.90849e-06, 1, 1, 2, 3, 94, 825, 826, 826
0.000203791, 1, 1, 2, 2, 94, 820, 821, 822
8.8358e-05, 2, 2, 3, 3, 96, 813, 814, 815
8.80598e-05, 1, 2, 2, 3, 93, 924, 930, 932
0.000226958, 6, 7, 8, 11, 908, 2170, 2174, 2175
8.45684e-05, 3, 3, 4, 6, 274, 1318, 1324, 1325
7.97467e-05, 4, 5, 5, 7, 263, 1389, 1393, 1393
1.01437e-05, 6, 7, 7, 9, 581, 2533, 2543, 2545
7.52551e-05, 6, 8, 9, 10, 739, 2804, 2816, 2817
4.76398e-05, 10, 12, 15, 17, 993, 2194, 2197, 2197
6.50028e-06, 4, 4, 5, 6, 205, 1112, 1115, 1116
0.000112549, 2, 3, 3, 4, 167, 1070, 1072, 1073
5.1005e-05, 1, 2, 3, 3, 115, 980, 982, 982
5.18835e-05, 1, 1, 2, 3, 110, 1003, 1006, 1006
4.30133e-05, 2, 3, 3, 4, 134, 1017, 1040, 1040
0.000109677, 1, 2, 3, 4, 151, 1016, 1018, 1018
4.17459e-05, 1, 1, 2, 3, 1217, 2125, 2129, 2129
0.00010381, 3, 4, 4, 6, 267, 1154, 1159, 1159
4.14358e-05, 2, 3, 3, 4, 249, 1124, 1126, 1127
1.20653e-05, 2, 2, 3, 4, 177, 944, 946, 947
0.000127046, 1, 2, 2, 3, 114, 848, 850, 850
5.91372e-05, 1, 1, 2, 3, 95, 817, 818, 819
1.12139e-05, 1, 2, 2, 3, 855, 1588, 1589, 1590
2.19461e-05, 1, 1, 2, 2, 94, 816, 817, 818
7.18046e-05, 1, 1, 2, 3, 92, 805, 807, 807
8.84353e-05, 1, 2, 2, 3, 90, 809, 810, 810
5.70389e-05, 0, 1, 2, 2, 95, 815, 816, 817
4.56158e-05, 1, 1, 2, 3, 91, 810, 811, 812
0.000135165, 1, 1, 2, 3, 91, 932, 938, 939
6.93397e-05, 6, 8, 8, 11, 1287, 2364, 2368, 2369
9.35985e-05, 2, 2, 3, 4, 346, 1317, 1322, 1322
4.11352e-05, 2, 3, 4, 5, 242, 1438, 1444, 1445
4.29637e-05, 6, 7, 9, 11, 652, 2480, 2489, 2491
7.72281e-06, 7, 8, 10, 12, 615, 2502, 2508, 2509
7.23846e-05, 5, 6, 7, 7, 640, 2084, 2088, 2089
5.99926e-06, 3, 4, 5, 6, 880, 1835, 1836, 1837
0.000291547, 3, 3, 4, 5, 147, 1046, 1048, 1048
2.24673e-05, 1, 2, 2, 3, 112, 955, 957, 957
0.000120975, 1, 2, 3, 3, 106, 986, 988, 988
1.15983e-05, 2, 3, 3, 4, 121, 1018, 1020, 1020
4.87338e-06, 1, 2, 2, 3, 144, 939, 940, 941
5.86062e-05, 1, 1, 2, 3, 98, 1061, 1064, 1064
0.000118007, 2, 3, 4, 6, 1257, 2554, 2558, 2559
0.000194515, 4, 5, 7, 8, 1090, 1837, 1839, 1840
0.000127056, 2, 3, 3, 4, 113, 850, 851, 852
0.000244419, 1, 2, 3, 3, 97, 812, 813, 813
0.00055053, 1, 1, 2, 2, 929, 1651, 1652, 1653
0.000132875, 1, 2, 2, 3, 742, 1475, 1476, 1477
1.78833e-05, 2, 2, 3, 4, 97, 820, 821, 822
7.17689e-05, 1, 2, 2, 3, 98, 820, 822, 823
8.35711e-06, 1, 2, 3, 3, 93, 813, 814, 815
6.16626e-06, 1, 3, 3, 4, 569, 1343, 1345, 1346
3.18266e-05, 1, 2, 3, 4, 182, 1560, 1563, 1564
3.78773e-05, 4, 4, 5, 7, 496, 1500, 1504, 1505
2.32126e-05, 4, 6, 7, 9, 409, 1299, 1303, 1304
6.07269e-05, 2, 3, 3, 4, 240, 1805, 1813, 1815
0.00014256, 5, 7, 8, 10, 672, 2524, 2531, 2532
4.20464e-06, 6, 7, 7, 9, 702, 2430, 2440, 2440
0.000188598, 4, 6, 7, 9, 736, 1882, 1884, 1885
4.91475e-05, 3, 3, 4, 5, 697, 1639, 1642, 1643
8.33326e-05, 1, 2, 2, 3, 117, 1012, 1014, 1015
9.44744e-06, 1, 2, 3, 3, 112, 973, 975, 976
5.12744e-05, 1, 1, 2, 3, 118, 1054, 1057, 1057
4.05001e-05, 2, 2, 3, 4, 141, 1021, 1023, 1024
9.29846e-05, 1, 2, 3, 4, 116, 891, 892, 893
9.06413e-06, 1, 2, 2, 3, 150, 1337, 1341, 1342
9.42868e-06, 4, 5, 6, 8, 312, 1593, 1597, 1598
3.39384e-05, 4, 5, 6, 7, 314, 1263, 1265, 1265
0.000341603, 2, 3, 4, 5, 170, 914, 916, 917
4.75594e-06, 1, 2, 3, 3, 97, 819, 821, 821
0.000137078, 1, 2, 2, 3, 245, 969, 970, 971
7.80022e-05, 1, 2, 2, 3, 94, 820, 821, 822
1.00393e-05, 1, 2, 3, 3, 95, 802, 803, 803
2.07486e-05, 1, 1, 2, 2, 90, 809, 811, 811
3.35196e-05, 1, 2, 3, 3, 94, 821, 822, 823
3.65041e-05, 1, 2, 2, 3, 91, 803, 804, 804
2.11508e-05, 0, 1, 2, 2, 586, 1311, 1313, 1313
0.000122628, 1, 2, 2, 3, 124, 1092, 1099, 1100
1.0445e-05, 6, 8, 11, 12, 806, 1884, 1888, 1889
1.8968e-05, 4, 5, 5, 6, 294, 1230, 1235, 1236
6.71523e-06, 2, 3, 3, 4, 240, 1156, 1160, 1161
7.28536e-05, 7, 9, 11, 15, 632, 2380, 2387, 2390
2.9603e-05, 6, 6, 7, 10, 702, 2442, 2448, 2448
2.55536e-05, 7, 8, 9, 11, 711, 2496, 2502, 2503
0.000100892, 6, 7, 8, 10, 316, 1218, 1219, 1220
9.80492e-05, 2, 2, 3, 4, 921, 1861, 1863, 1864
4.23778e-05, 2, 2, 3, 4, 128, 1005, 1006, 1007
0.000205311, 2, 2, 3, 4, 110, 979, 980, 981
3.85546e-05, 2, 3, 3, 4, 112, 1019, 1021, 1022
7.76711e-05, 1, 2, 2, 3, 162, 984, 986, 986
0.00016974, 0, 1, 2, 2, 97, 907, 909, 909
7.0836e-05, 2, 2, 3, 3, 218, 1088, 1090, 1090
7.65255e-05, 2, 3, 4, 5, 200, 1095, 1099, 1100
5.59805e-05, 3, 4, 5, 7, 265, 1151, 1153, 1154
7.14447e-05, 2, 3, 4, 5, 178, 975, 976, 977
3.21602e-06, 1, 2, 3, 3, 120, 865, 867, 868
5.34282e-05, 1, 1, 2, 2, 96, 829, 830, 831
1.48713e-05, 1, 2, 2, 3, 94, 829, 831, 831
7.35388e-05, 1, 1, 2, 2, 95, 799, 800, 801
3.12583e-06, 2, 3, 4, 4, 94, 811, 812, 813
0.000146148, 1, 1, 2, 3, 92, 803, 804, 805
7.63872e-06, 1, 2, 2, 3, 90, 803, 804, 805
5.99149e-05, 1, 1, 2, 2, 94, 824, 825, 826
2.69833e-06, 1, 1, 2, 2, 93, 813, 814, 814
4.95498e-06, 0, 1, 1, 2, 90, 805, 806, 806
3.40073e-05, 0, 1, 2, 2, 1181, 2439, 2447, 2448
1.13439e-05, 4, 6, 6, 8, 558, 1564, 1569, 1570
0.000152902, 4, 5, 5, 7, 248, 1109, 1114, 1115
0.000146463, 3, 4, 4, 6, 227, 1943, 1958, 1960
6.25319e-05, 13, 15, 16, 21, 1198, 5416, 5434, 5436
0.000181011, 18, 20, 22, 26, 733, 2435, 2440, 2441
1.04413e-05, 5, 7, 8, 9, 307, 1928, 1931, 1932
6.95374e-05, 3, 4, 5, 6, 242, 2047, 2052, 2052
4.2073e-05, 3, 4, 5, 6, 228, 1072, 1074, 1074
6.28771e-05, 2, 3, 3, 4, 136, 1058, 1061, 1062
6.23252e-05, 5, 5, 6, 7, 362, 1364, 1392, 1393
0.000122936, 2, 3, 4, 5, 273, 1158, 1162, 1163
1.88375e-05, 3, 4, 5, 7, 248, 1077, 1079, 1080
3.1129e-05, 1, 2, 3, 4, 135, 889, 891, 891
3.84447e-05, 1, 1, 2, 3, 105, 826, 827, 827
6.51932e-06, 1, 1, 2, 3, 92, 807, 809, 810
6.46223e-06, 1, 2, 3, 3, 94, 818, 819, 819
8.64351e-05, 0, 1, 2, 2, 634, 1363, 1364, 1365
9.40644e-05, 1, 2, 3, 3, 97, 818, 819, 819
2.3436e-06, 1, 2, 2, 3, 92, 815, 816, 817
5.5877e-05, 1, 1, 2, 3, 715, 1444, 1445, 1446
1.31932e-05, 1, 2, 2, 3, 97, 877, 880, 881
2.6043e-05, 4, 5, 6, 7, 729, 1878, 1883, 1884
3.5488e-05, 5, 6, 7, 10, 347, 1261, 1266, 1266
5.25104e-06, 4, 6, 7, 9, 391, 1268, 1273, 1273
1.24633e-05, 3, 3, 4, 5, 1758, 3897, 3905, 3905
0.000173224, 6, 7, 8, 8, 2637, 4267, 4271, 4272
2.29258e-05, 3, 3, 4, 5, 842, 1780, 1782, 1783
2.13922e-05, 2, 3, 3, 4, 129, 1036, 1038, 1038
2.51129e-05, 1, 2, 3, 3, 147, 1008, 1010, 1011
4.14437e-05, 1, 2, 3, 3, 1137, 2063, 2066, 2067
6.37144e-05, 3, 4, 4, 6, 151, 904, 905, 906
1.53202e-05, 2, 2, 3, 4, 133, 931, 934, 935
2.01449e-06, 2, 3, 4, 5, 831, 1724, 1728, 1728
6.2932e-05, 2, 3, 3, 4, 1504, 2313, 2314, 2315
3.61242e-05, 2, 3, 3, 4, 127, 866, 868, 868
0.000133698, 0, 1, 2, 2, 94, 813, 814, 814
0.000128519, 1, 1, 2, 2, 90, 816, 817, 818
1.90478e-06, 1, 2, 2, 3, 93, 825, 826, 826
0.000186653, 1, 1, 2, 2, 96, 827, 828, 829
1.59046e-05, 0, 1, 2, 2, 93, 812, 813, 813
4.51344e-05, 1, 2, 2, 3, 92, 807, 808, 808
7.6098e-05, 1, 2, 2, 3, 92, 819, 820, 821
2.26167e-05, 1, 2, 3, 3, 98, 827, 828, 829
3.32746e-05, 1, 2, 2, 3, 96, 838, 840, 840
1.66221e-05, 1, 2, 3, 4, 152, 1349, 1354, 1355
6.08875e-06, 4, 5, 6, 8, 420, 1546, 1551, 1552
3.51663e-05, 4, 4, 5, 7, 260, 1208, 1212, 1213
7.76471e-06, 3, 4, 4, 6, 239, 1101, 1106, 1107
5.39595e-05, 6, 7, 8, 10, 591, 2046, 2055, 2056
1.60511e-05, 7, 8, 9, 12, 667, 2342, 2346, 2346
5.63439e-05, 6, 7, 8, 11, 2682, 3880, 3883, 3884
1.27296e-05, 4, 5, 6, 7, 225, 1144, 1146, 1146
1.67896e-05, 2, 2, 3, 4, 145, 1055, 1057, 1058
6.78858e-05, 2, 3, 3, 4, 119, 981, 983, 984
0.000112777, 2, 2, 3, 4, 1008, 1926, 1929, 1929
1.92958e-05, 2, 2, 3, 4, 144, 1037, 1039, 1039
7.45437e-05, 1, 2, 2, 3, 396, 1173, 1176, 1177
4.06309e-06, 3, 4, 5, 6, 205, 1071, 1074, 1075
6.8392e-05, 3, 4, 5, 6, 196, 1096, 1099, 1100
9.93633e-06, 2, 2, 3, 4, 236, 1099, 1101, 1102
8.17246e-05, 2, 3, 3, 4, 162, 966, 968, 968
4.1014e-05, 2, 2, 3, 4, 129, 858, 859, 860
5.63284e-05, 1, 2, 2, 3, 96, 831, 832, 833
8.86567e-05, 1, 2, 2, 3, 98, 811, 812, 813
5.91574e-06, 1, 1, 2, 3, 90, 810, 811, 812
1.56613e-05, 1, 1, 2, 2, 702, 1428, 1429, 1430
0.000131721, 1, 2, 2, 3, 96, 831, 832, 832
2.30152e-05, 1, 1, 2, 2, 94, 820, 821, 821
0.000123446, 1, 1, 2, 2, 937, 1669, 1671, 1672
8.84589e-06, 2, 2, 3, 4, 220, 1529, 1534, 1535
0.000393219, 5, 5, 7, 9, 384, 1432, 1436, 1437
7.01902e-05, 3, 4, 5, 6, 295, 1212, 1216, 1217
0.000287646, 4, 5, 5, 6, 207, 1272, 1281, 1282
2.25164e-05, 6, 11, 12, 14, 542, 2323, 2332, 2333
8.54915e-06, 12, 13, 13, 16, 663, 2377, 2383, 2385
8.59704e-05, 7, 7, 8, 10, 594, 2292, 2298, 2299
6.88794e-05, 6, 7, 8, 12, 394, 1312, 1315, 1316
7.48633e-05, 2, 3, 4, 5, 163, 1056, 1057, 1058
3.55745e-05, 2, 2, 3, 4, 618, 1505, 1507, 1508
2.25799e-05, 1, 2, 3, 3, 113, 1027, 1030, 1030
1.07322e-05, 2, 3, 3, 5, 137, 1014, 1016, 1016
3.94623e-05, 2, 2, 3, 4, 119, 941, 943, 943
2.89411e-05, 1, 2, 3, 4, 171, 1076, 1079, 1080
3.17992e-05, 3, 4, 5, 7, 313, 1363, 1366, 1367
2.48378e-05, 3, 4, 5, 6, 286, 1167, 1170, 1171
1.39182e-05, 3, 4, 5, 6, 250, 1102, 1104, 1104
3.53673e-05, 2, 2, 3, 4, 155, 925, 926, 927
9.4713e-05, 1, 1, 2, 4, 906, 1646, 1648, 1648
2.69803e-05, 1, 2, 3, 3, 104, 845, 847, 848
6.38881e-06, 2, 2, 3, 4, 96, 837, 839, 840
0.000113094, 2, 3, 3, 4, 96, 838, 840, 841
0.000146221, 1, 2, 3, 4, 98, 841, 842, 843
0.000163769, 1, 2, 3, 3, 97, 834, 836, 837
4.43999e-05, 2, 2, 3, 4, 992, 1746, 1748, 1749
7.78642e-06, 6, 7, 8, 9, 1343, 2556, 2563, 2564
4.62237e-06, 3, 4, 5, 8, 610, 1631, 1637, 1637
1.49265e-05, 2, 3, 3, 5, 251, 1127, 1130, 1131
1.7291e-05, 3, 4, 5, 7, 232, 2865, 2884, 2885
4.70449e-06, 9, 10, 12, 16, 2407, 5709, 5714, 5715
6.35882e-05, 4, 5, 6, 8, 464, 2185, 2188, 2189
8.64575e-05, 4, 5, 6, 7, 223, 1976, 1981, 1982
3.39168e-05, 5, 6, 7, 9, 275, 1559, 1561, 1561
0.000170209, 2, 3, 3, 4, 182, 1053, 1056, 1057
5.18892e-05, 3, 4, 5, 6, 274, 1231, 1233, 1234
4.19092e-05, 3, 4, 5, 6, 249, 1126, 1130, 1130
2.29798e-05, 3, 4, 5, 6, 246, 1132, 1134, 1134
1.54232e-05, 2, 2, 3, 4, 177, 959, 961, 961
8.09401e-05, 1, 2, 3, 3, 120, 854, 856, 856
1.55139e-06, 1, 1, 2, 2, 103, 834, 836, 837
5.29232e-05, 1, 2, 2, 3, 96, 848, 850, 851
0.000105514, 1, 1, 2, 3, 100, 842, 844, 844
7.20391e-05, 1, 2, 2, 3, 96, 828, 830, 830
5.88095e-05, 1, 2, 3, 4, 696, 1421, 1422, 1422
8.49127e-06, 1, 2, 2, 3, 102, 835, 837, 838
0.000120176, 1, 2, 3, 3, 98, 841, 843, 844
1.67116e-05, 2, 2, 3, 4, 95, 956, 962, 963
8.99989e-05, 6, 7, 8, 11, 704, 1770, 1774, 1774
8.85036e-05, 4, 5, 7, 8, 339, 1260, 1266, 1266
7.64742e-06, 5, 6, 6, 8, 221, 1075, 1080, 1081
2.4456e-05, 2, 3, 4, 5, 1429, 5718, 5730, 5732
3.15197e-05, 9, 12, 14, 19, 1072, 3486, 3490, 3490
6.26871e-05, 5, 5, 6, 7, 414, 2069, 2072, 2073
0.000118204, 3, 4, 5, 6, 267, 2020, 2023, 2024
8.22632e-05, 3, 4, 5, 6, 313, 1230, 1232, 1232
0.000254974, 2, 2, 3, 4, 650, 1614, 1618, 1619
8.82094e-05, 6, 7, 8, 9, 907, 1835, 1838, 1839
6.30949e-06, 4, 5, 5, 7, 266, 1131, 1133, 1133
3.62948e-05, 2, 2, 3, 4, 184, 951, 954, 954
5.43213e-05, 1, 2, 3, 4, 104, 853, 855, 856
3.4474e-05, 1, 2, 3, 4, 96, 850, 851, 852
2.77048e-05, 1, 2, 2, 3, 106, 846, 848, 849
0.000313281, 1, 2, 2, 3, 748, 1494, 1496, 1497
0.000101749, 1, 2, 3, 4, 103, 835, 836, 836
1.32167e-05, 0, 1, 2, 2, 101, 852, 854, 855
2.80211e-05, 2, 3, 3, 4, 100, 837, 839, 840
0.000109025, 1, 2, 3, 4, 96, 831, 833, 834
2.58125e-05, 1, 2, 3, 3, 95, 834, 836, 836
2.43043e-05, 1, 2, 2, 3, 131, 1226, 1232, 1233
1.53987e-05, 7, 8, 9, 12, 495, 1536, 1540, 1540
1.36235e-05, 2, 3, 4, 5, 253, 1229, 1231, 1232
0.00014161, 2, 3, 4, 4, 239, 1057, 1059, 1060
0.000286686, 2, 2, 3, 4, 473, 2056, 2061, 2062
1.43827e-05, 6, 7, 8, 10, 2592, 4308, 4317, 4318
1.49054e-05, 6, 7, 8, 10, 603, 2114, 2117, 2118
0.000151968,